序号,汉字,拼音,义符（按字源）,声符（按字源）,构形依据,《说文》原文
1,个,gè,竹,固,从竹固聲,竹枚也。从竹固聲。
2,么,mǒ,幺,麻,从幺麻聲,細也。从幺麻聲。
3,亿,yì,人,𢡃,从人𢡃聲,安也。从人𢡃聲。
4,尢,yóu,乙,又,从乙又聲,異也。从乙又聲。
5,专,zhuān,寸,叀,从寸叀聲,六寸簿也。从寸叀聲。一曰專，紡專。
6,书,shū,聿,者,从聿者聲,箸也。从聿者聲。
7,仅,jǐn,人,堇,从人堇聲,材能也。从人堇聲。
8,仆,pū,人,卜,从人卜聲,頓也。从人卜聲。
9,仇,qiú,人,九,从人九聲,讎也。从人九聲。
10,仍,réng,人,乃,从人乃聲,因也。从人乃聲。
11,允,yǔn,儿,㠯,从儿㠯聲,信也。从儿㠯聲。
12,冈,gāng,山,网,从山网聲,山骨也。从山网聲。
13,凤,fèng,鳥,凡,”从鳥凡聲,神鳥也。天老曰：“鳳之象也，鴻前麐後，蛇頸魚尾，鸛顙鴛思，龍文虎背，燕頷雞喙，五色備舉。出於東方君子之國，翺翔四海之外，過崐崘，飲砥柱，濯羽弱水，莫宿風穴。見則天下大安寕。”从鳥凡聲。
14,切,qiē,刀,七,从刀七聲,刌也。从刀七聲。
15,劝,quàn,力,雚,从力雚聲,勉也。从力雚聲。
16,办,bàn,力,辡,从力辡聲,致力也。从力辡聲。
17,化,huà,𠤎,𠤎,从𠤎从人，𠤎亦聲,教行也。从𠤎从人，𠤎亦聲。
18,厄,ě,卩,厂,从卪厂聲,科厄，木節也。从卪厂聲。賈侍中說，以爲厄，裹也。一曰厄，蓋也。
19,历,lì,止,厤,从止厤聲,過也。从止厤聲。
20,少,shǎo,小,丿,从小丿聲,不多也。从小丿聲。
21,币,bì,巾,敝,从巾敝聲,帛也。从巾敝聲。
22,攴,pū,攴,卜,从又卜聲,小擊也。从又卜聲。凡攴之屬皆从攴。
23,无,wú,亾,𣞤,从亾𣞤聲,亡也。从亾𣞤聲。
24,曰,yuè,曰,乙,从口乙聲,詞也。从口乙聲。亦象口气出也。凡曰之屬皆从曰。
25,殳,shū,殳,几,”从又几聲,以杸殊人也。《禮》：“殳以積竹，八觚，長丈二尺，建於兵車，車旅賁以先驅。”从又几聲。凡殳之屬皆从殳。
26,订,dìng,言,丁,从言丁聲,平議也。从言丁聲。
27,讥,jī,言,幾,从言幾聲,誹也。从言幾聲。
28,邓,dèng,邑,登,从邑登聲,曼姓之國。今屬南陽。从邑登聲。
29,队,zhuì,𨸏,㒸,从𨸏㒸聲,從高隊也。从𨸏㒸聲。
30,韦,wéi,韋,囗,从舛囗聲,相背也。从舛囗聲。獸皮之韋，可以束枉戾相韋背，故借以爲皮韋。凡韋之屬皆从韋。
31,风,fēng,風,凡,从虫凡聲,八風也。東方曰明庶風，東南曰清明風，南方曰景風，西南曰涼風，西方曰閶闔風，西北曰不周風，北方曰廣莫風，東北曰融風。風動蟲生。故蟲八日而化。从虫凡聲。凡風之屬皆从風。
32,丕,pī,一,不,从一不聲,大也。从一不聲。
33,丛,cóng,丵,取,从丵取聲,聚也。从丵取聲。
34,主,zhǔ,丶,丶,从丶，丶亦聲,鐙中火主也。从纹，象形。从丶，丶亦聲。
35,乎,hū,兮,象,从兮，象聲,語之餘也。从兮，象聲上越揚之形也。
36,仔,zī,人,子,从人子聲,克也。从人子聲。
37,仞,rèn,人,刃,从人刃聲,伸臂一尋，八尺。从人刃聲。
38,仡,yì,人,气,从人气聲,勇壯也。从人气聲。《周書》曰：“㐹㐹勇夫。”
39,代,dài,人,弋,从人弋聲,更也。从人弋聲。
40,仪,yí,人,義,从人義聲,度也。从人義聲。
41,兰,lán,艸,闌,从艸闌聲,香艸也。从艸闌聲。
42,写,xiě,宀,舄,从宀舄聲,置物也。从宀舄聲。
43,冯,píng,馬,冫,从馬冫聲,馬行疾也。从馬冫聲。
44,击,jī,手,毄,从手毄聲,攴也。从手毄聲。
45,刊,kān,刀,干,从刀干聲,剟也。从刀干聲。
46,功,gōng,力,工,从力从工，工亦聲,以勞定國也。从力从工，工亦聲。
47,务,wù,力,敄,从力敄聲,趣也。从力敄聲。
48,劢,mài,力,萬,从力萬聲,勉力也。《周書》曰：“用勱相我邦家。”讀若萬。从力萬聲。
49,卢,lú,皿,𧇄,从皿𧇄聲,飯器也。从皿𧇄聲。
50,厉,lì,厂,蠆,从厂，蠆省聲,旱石也。从厂，蠆省聲。
51,去,qù,去,凵,从大凵聲,人相違也。从大凵聲。凡去之屬皆从去。
52,发,fà,髟,犮,从髟犮聲,根也。从髟犮聲。
53,句,gōu,句,丩,从口丩聲,曲也。从口丩聲。凡句之屬皆从句。
54,叫,jiào,口,丩,从口丩聲,嘑也。从口丩聲。
55,召,zhào,口,刀,从口刀聲,𧦝也。从口刀聲。
56,可,kě,可,丂,从口丂，丂亦聲,𦘫也。从口丂，丂亦聲。凡可之屬皆从可。
57,台,yí,口,㠯,从口㠯聲,說也。从口㠯聲。
58,叱,chì,口,七,从口七聲,訶也。从口七聲。
59,叶,yè,艸,枼,从艸枼聲,艸木之葉也。从艸枼聲。
60,叹,tàn,欠,𪅀,从欠，𪅀省聲,吟也。从欠，𪅀省聲。
61,叽,jī,口,幾,从口幾聲,小食也。从口幾聲。
62,失,shī,手,乙,从手乙聲,縱也。从手乙聲。
63,头,tóu,頁,豆,从頁豆聲,首也。从頁豆聲。
64,宄,guǐ,宀,九,从宀九聲,姦也。外爲盜，内爲宄。从宀九聲。讀若軌。
65,尔,ěr,㸚,尒,从冂从㸚，其孔㸚，尒聲,麗爾，猶靡麗也。从冂从㸚，其孔㸚，尒聲。此與爽同意。
66,尻,kāo,尸,九,从尸九聲,𦞠也。从尸九聲。
67,尼,ní,尸,匕,从尸匕聲,從後近之。从尸匕聲。
68,巧,qiǎo,工,丂,从工丂聲,技也。从工丂聲。
69,布,bù,巾,父,从巾父聲,枲織也。从巾父聲。
70,弘,hóng,弓,厶,从弓厶聲,弓聲也。从弓厶聲。厶，古文肱字。
71,归,guī,止,𠂤,从止，从婦省，𠂤聲,女嫁也。从止，从婦省，𠂤聲。
72,必,bì,八,弋,从八、弋，弋亦聲,分極也。从八、弋，弋亦聲。
73,扑,pū,手,菐,从手菐聲,挨也。从手菐聲。
74,打,dǎ,手,丁,从手丁聲,擊也。从手丁聲。
75,扔,rēng,手,乃,从手乃聲,因也。从手乃聲。
76,旧,jiù,雈,臼,从雈臼聲,𨾦舊，舊畱也。从雈臼聲。
77,札,zhá,木,乙,从木乙聲,牒也。从木乙聲。
78,术,shù,行,术,从行术聲,邑中道也。从行术聲。
79,汀,tīng,水,丁,从水丁聲,平也。从水丁聲。
80,汁,zhī,水,十,从水十聲,液也。从水十聲。
81,汇,huì,匚,淮,从匚淮聲,器也。从匚淮聲。
82,汉,hàn,水,難,从水，難省聲,漾也。東爲滄浪水。从水，難省聲。
83,灭,miè,水,𤇳,从水𤇳聲,盡也。从水𤇳聲。
84,犯,fàn,犬,）,从犬巳（段註改為㔾）聲,侵也。从犬巳（段註改為㔾）聲。
85,皮,pí,皮,爲,从又，爲省聲,剥取獸革者謂之皮。从又，爲省聲。凡皮之屬皆从皮。
86,礼,lǐ,示,豊,从示从豊，豊亦聲,履也。所以事神致福也。从示从豊，豊亦聲。
87,穴,xué,穴,八,从宀八聲,土室也。从宀八聲。凡穴之屬皆从穴。
88,艽,qiú,艸,九,从艸九聲,逺荒也。从艸九聲。《詩》曰：“至于艽野。”
89,艾,ài,艸,乂,从艸乂聲,冰臺也。从艸乂聲。
90,艿,réng,艸,乃,从艸乃聲,艸也。从艸乃聲。
91,节,jié,竹,即,从竹即聲,竹約也。从竹即聲。
92,讦,jié,言,干,从言干聲,面相厈罪，相告訐也。从言干聲。
93,讧,hòng,言,工,从言工聲,䜋也。从言工聲。《詩》曰：“蟊賊内訌。”
94,让,ràng,言,襄,从言襄聲,相責讓。从言襄聲。
95,讪,shàn,言,山,从言山聲,𧩂也。从言山聲。
96,讫,qì,言,气,从言气聲,止也。从言气聲。
97,训,xùn,言,川,从言川聲,說教也。从言川聲。
98,议,yì,言,義,从言義聲,語也。从言義聲。
99,讯,xùn,言,卂,从言卂聲,問也。从言卂聲。
100,记,jì,言,己,从言己聲,疏也。从言己聲。
101,轧,yà,車,乙,从車乙聲,𨋚也。从車乙聲。
102,辽,liáo,辵,尞,从辵尞聲,遠也。从辵尞聲。
103,邗,hán,邑,干,从邑干聲,國也，今屬臨淮。从邑干聲。一曰邗本屬吳。
104,邙,máng,邑,亡,从邑亡聲,河南洛陽北亡山上邑。从邑亡聲。
105,邛,qióng,邑,工,从邑工聲,邛地。在濟陰縣。从邑工聲。
106,阡,qiān,𨸏,千,从𨸏千聲,路東西爲陌，南北爲阡。从𨸏千聲。
107,阢,wù,𨸏,兀,从𨸏从兀，兀亦聲,石山戴土也。从𨸏从兀，兀亦聲。
108,饥,jī,食,幾,从食幾聲,穀不孰爲饑。从食幾聲。
109,龙,lóng,龍,童,从肉，飛之形，童省聲,鱗蟲之長。能幽，能明，能細，能巨，能短，能長；春分而登天，秋分而潛淵。从肉，飛之形，童省聲。凡龍之屬皆从龍。
110,产,chǎn,生,彥,从生，彥省聲,生也。从生，彥省聲。
111,仲,zhòng,人,中,从人从中，中亦聲,中也。从人从中，中亦聲。
112,仳,pǐ,人,比,从人比聲,別也。从人比聲。《詩》曰：“有女仳離。”
113,价,jiè,人,介,从人介聲,善也。从人介聲。《詩》曰：“价人惟藩。”
114,任,rén,人,壬,从人壬聲,符也。从人壬聲。
115,份,bīn,人,分,从人分聲,文質僣也。从人分聲。《論語》曰：“文質份份。”
116,仿,fǎng,人,方,从人方聲,相似也。从人方聲。
117,企,qì,人,止,从人止聲,舉踵也。从人止聲。
118,伉,kàng,人,亢,从人亢聲,人名。从人亢聲。《論語》有陳伉。
119,伎,jì,人,支,从人支聲,與也。从人支聲。《詩》曰：“𥷤人伎忒。”
120,优,yōu,人,憂,从人憂聲,饒也。从人憂聲。一曰倡也。
121,伙,huǒ,多,果,从多果聲,齊謂多爲夥。从多果聲。
122,伛,yǔ,人,區,从人區聲,僂也。从人區聲。
123,伟,wěi,人,韋,从人韋聲,奇也。从人韋聲。
124,传,zhuàn,人,專,从人專聲,遽也。从人專聲。
125,伤,shāng,人,𥏻,从人，𥏻省聲,創也。从人，𥏻省聲。
126,伥,chāng,人,長,从人長聲,狂也。从人長聲。一曰什也。
127,伦,lún,人,侖,从人侖聲,輩也。从人侖聲。一曰道也。
128,伪,wěi,人,爲,从人爲聲,詐也。从人爲聲。
129,充,chōng,儿,育,从儿，育省聲,長也。高也。从儿，育省聲。
130,关,guān,門,𢇅,从門𢇅聲,以木橫持門戶也。从門𢇅聲。
131,凫,fú,𠘧,𠘧,从鳥𠘧聲,舒鳧，鶩也。从鳥𠘧聲。
132,刎,wěn,刀,勿,从刀勿聲,剄也。从刀勿聲。
133,刑,xíng,刀,幵,从刀幵聲,剄也。从刀幵聲。
134,划,huá,刀,畫,从刀从畫，畫亦聲,錐刀曰劃。从刀从畫，畫亦聲。
135,刖,yuè,刀,月,从刀月聲,絕也。从刀月聲。
136,列,liè,刀,𡿪,从刀𡿪聲,分解也。从刀𡿪聲。
137,刚,gāng,刀,岡,从刀岡聲,彊斷也。从刀岡聲。
138,劣,liè,力,少,从力少聲,弱也。从力少聲。
139,动,dòng,力,重,从力重聲,作也。从力重聲。
140,匈,xiōng,勹,凶,从勹凶聲,聲也。从勹凶聲。
141,匡,kuāng,匚,㞷,从匚㞷聲,飲器，筥也。从匚㞷聲。
142,压,yā,土,厭,从土厭聲,壞也。一曰塞補。从土厭聲。
143,厌,yā,厂,猒,从厂猒聲,笮也。从厂猒聲。一曰合也。
144,吁,xū,口,于,从口于聲,驚也。从口于聲。
145,吃,jī,口,气,从口气聲,言蹇難也。从口气聲。
146,吏,lì,一,史,从一从史，史亦聲,治人者也。从一从史，史亦聲。
147,吐,tǔ,口,土,从口土聲,寫也。从口土聲。
148,吒,zhà,口,乇,从口乇聲,噴也。叱怒也。从口乇聲。
149,团,tuán,囗,專,从囗專聲,圜也。从囗專聲。
150,在,zài,土,才,从土才聲,存也。从土才聲。
151,圪,yì,土,乞,”从土乞聲,牆高也。《詩》曰：“崇墉𡉛𡉛。”从土乞聲。
152,圮,pǐ,土,己,”从土己聲,毀也。《虞書》曰：“方命圮族。”从土己聲。
153,圯,yí,土,巳,从土巳聲,東楚謂橋爲圯。从土巳聲。
154,地,dì,土,也,从土也聲,元气初分，輕清陽爲天，重濁陰爲地。萬物所陳𠛱也。从土也聲。
155,圹,kuàng,土,廣,从土廣聲,塹穴也。一曰大也。从土廣聲。
156,场,cháng,土,昜,从土昜聲,祭神道也。一曰田不耕。一曰治穀田也。从土昜聲。
157,壮,zhuàng,士,爿,从士爿聲,大也。从士爿聲。
158,夸,kuā,大,于,从大于聲,奢也。从大于聲。
159,奸,jiān,女,干,从女从干，干亦聲,犯婬也。从女从干，干亦聲。
160,妁,shuò,女,勺,从女勺聲,酌也，斟酌二姓也。从女勺聲。
161,妃,fēi,女,己,从女己聲,匹也。从女己聲。
162,妄,wàng,女,亡,从女亡聲,亂也。从女亡聲。
163,妆,zhuāng,女,牀,从女，牀省聲,飾也。从女，牀省聲。
164,字,zì,子,子,从子在宀下，子亦聲,乳也。从子在宀下，子亦聲。
165,存,cún,子,才,从子才聲,恤問也。从子才聲。
166,宅,zhái,宀,乇,从宀乇聲,所託也。从宀乇聲。
167,宇,yǔ,宀,于,从宀于聲,屋邊也。从宀于聲。《易》曰：“上棟下宇。”
168,寺,sì,寸,之,从寸之聲,廷也。有法度者也。从寸之聲。
169,导,dǎo,寸,道,从寸道聲,導，引也。从寸道聲。
170,尥,liào,尣,勺,从尣勺聲,行脛相交也。从尣勺聲。牛行腳相交爲尦。
171,尽,jìn,皿,㶳,从皿㶳聲,器中空也。从皿㶳聲。
172,屺,qǐ,山,己,从山己聲,山無草木也。从山己聲。《詩》曰：“陟彼屺兮。”
173,屿,yǔ,山,與,从山與聲,㠀也。从山與聲。
174,岁,suì,步,戌,从步戌聲,木星也。越歴二十八宿，宣徧陰陽，十二月一次。从步戌聲。律歴書名五星爲五步。
175,岂,qǐ,豈,微,从豆，微省聲,還師振旅樂也。一曰欲也，登也。从豆，微省聲。凡豈之屬皆从豈。
176,岌,jí,山,及,从山及聲,山高皃。从山及聲。
177,巡,xún,辵,川,从辵川聲,延行皃。从辵川聲。
178,巩,gǒng,革,巩,”从革巩聲,以韋束也。《易》曰：“鞏用黃牛之革。”从革巩聲。
179,并,bìng,人,并,从人并聲,並也。从人并聲。
180,延,yán,㢟,丿,从㢟丿聲,長行也。从㢟丿聲。
181,廷,tíng,廴,壬,从廴壬聲,朝中也。从廴壬聲。
182,异,yì,𠬞,㠯,从廾㠯聲,舉也。从廾㠯聲。《虞書》曰： “岳曰：异哉！”
183,式,shì,工,弋,从工弋聲,法也。从工弋聲。
184,当,dāng,田,尚,从田尚聲,田相值也。从田尚聲。
185,忖,cǔn,心,寸,从心寸聲,度也。从心寸聲。
186,戏,xì,戈,䖒,从戈䖒聲,三軍之偏也。一曰兵也。从戈䖒聲。
187,成,chéng,戊,丁,从戊丁聲,就也。从戊丁聲。
188,托,tuō,言,乇,从言乇聲,寄也。从言乇聲。
189,扛,gāng,手,工,从手工聲,橫關對舉也。从手工聲。
190,扣,kòu,手,口,从手口聲,牽馬也。从手口聲。
191,执,zhí,㚔,㚔,从丮从㚔，㚔亦聲,捕罪人也。从丮从㚔，㚔亦聲。
192,扪,mén,手,門,从手門聲,撫持也。从手門聲。《詩》曰：“莫捫朕舌。”
193,扬,yáng,手,昜,从手昜聲,飛舉也。从手昜聲。
194,收,shōu,攴,丩,从攴丩聲,捕也。从攴丩聲。
195,旨,zhǐ,旨,匕,从甘匕聲,美也。从甘匕聲。凡旨之屬皆从旨。
196,旭,xù,日,九,从日九聲,日旦出皃。从日九聲。若勖。一曰明也。
197,曳,yè,申,丿,从申丿聲,臾曳也。从申丿聲。
198,有,yǒu,有,又,”从月又聲,不宜有也。《春秋傳》曰：“日月有食之。”从月又聲。凡有之屬皆从有。
199,朴,pò,木,卜,从木卜聲,木皮也。从木卜聲。
200,机,jī,木,几,从木几聲,木也。从木几聲。
201,杀,shā,殺,杀,从殳杀聲,戮也。从殳杀聲。凡殺之屬皆从殺。
202,杂,zá,衣,集,从衣集聲,五彩相會。从衣集聲。
203,权,quán,木,雚,从木雚聲,黃華木。从木雚聲。一曰反常。
204,次,cì,欠,二,从欠二聲,不前，不精也。从欠二聲。
205,欢,huān,欠,雚,从欠雚聲,喜樂也。从欠雚聲。
206,汔,qì,水,气,从水气聲,水涸也。或曰泣下。从水气聲。《詩》曰：“汽可小康。”
207,汕,shàn,水,山,从水山聲,魚游水皃。从水山聲。《詩》曰：“蒸然汕汕。”
208,汗,hàn,水,干,从水干聲,人液也。从水干聲。
209,汛,xùn,水,卂,从水卂聲,灑也。从水卂聲。
210,汜,sì,水,巳,从水巳聲,水別復入水也。一曰汜，窮瀆也。从水巳聲。《詩》曰：“江有汜。”
211,汝,rǔ,水,女,从水女聲,水。出弘農盧氏還歸山，東入淮。从水女聲。
212,江,jiāng,水,工,从水工聲,水。出蜀湔氐徼外崏山，入海。从水工聲。
213,污,wū,水,于,从水于聲,薉也。一曰小池爲汙。一曰涂也。从水于聲。
214,汤,tāng,水,昜,从水昜聲,熱水也。从水昜聲。
215,汲,jí,水,及,从水从及，及亦聲,引水於井也。从水从及，及亦聲。
216,牝,pìn,牛,匕,从牛匕聲,畜母也。从牛匕聲。《易》曰：“畜牝牛，吉。”
217,牟,móu,牛,其,从牛，象其聲,牛鳴也。从牛，象其聲气从口出。
218,犷,guǎng,犬,廣,从犬廣聲,犬獷獷不可附也。从犬廣聲。漁陽有獷平縣。
219,玎,dīng,玉,丁,从玉丁聲,玉聲也。从玉丁聲。齊太公子伋謚曰玎公。
220,玑,jī,玉,幾,从玉幾聲,珠不圜也。从玉幾聲。
221,祁,qí,邑,示,从邑示聲,太原縣。从邑示聲。
222,纡,yū,糸,于,从糸于聲,詘也。从糸于聲。一曰縈也。
223,红,hóng,糸,工,从糸工聲,帛赤白色。从糸工聲。
224,纣,zhòu,糸,肘,从糸，肘省聲,馬緧也。从糸，肘省聲。
225,纤,xiān,糸,韱,从糸韱聲,細也。从糸韱聲。
226,纥,hé,糸,气,从糸气聲,絲下也。从糸气聲。《春秋傳》有臧孫紇。
227,约,yuē,糸,勺,从糸勺聲,纏束也。从糸勺聲。
228,级,jí,糸,及,从糸及聲,絲次弟也。从糸及聲。
229,纨,wán,糸,丸,从糸丸聲,素也。从糸丸聲。
230,纩,kuàng,糸,廣,从糸廣聲,絮也。从糸廣聲。《春秋傳》曰：“皆如挾纊。”
231,纪,jì,糸,己,从糸己聲,絲別也。从糸己聲。
232,纫,rèn,糸,刃,从糸刃聲,繟繩也。从糸刃聲。
233,考,kǎo,老,丂,从老省，丂聲,老也。从老省，丂聲。
234,聿,yù,聿,一,从𦘒一聲,所以書也。楚謂之聿，吳謂之不律，燕謂之弗。从𦘒一聲。凡聿之屬皆从聿。
235,肋,lèi,肉,力,从肉力聲,脅骨也。从肉力聲。
236,肌,jī,肉,几,从肉几聲,肉也。从肉几聲。
237,舌,guā,口,氒,从口，氒省聲,塞口也。从口，氒省聲。(氒，音厥。)
238,芄,wán,艸,丸,从艸丸聲,芄蘭，莞也。从艸丸聲。《詩》曰：“芄蘭之枝。”
239,芊,qiān,艸,千,从艸千聲,艸盛也。从艸千聲。
240,芋,yù,艸,亏,从艸亏聲,大葉實根，駭人，故謂之芌也。从艸亏聲。
241,芍,xiào,艸,勺,从艸勺聲,鳧茈也。从艸勺聲。
242,芑,qǐ,艸,己,从艸己聲,白苗嘉榖。从艸己聲。
243,芗,xiāng,艸,鄉,从艸鄉聲,榖气也。从艸鄉聲。
244,芨,jī,艸,及,从艸及聲,堇艸也。从艸及聲。讀若急。
245,观,guān,見,雚,从見雚聲,諦視也。从見雚聲。
246,讲,jiǎng,言,冓,从言冓聲,和解也。从言冓聲。
247,讳,huì,言,韋,从言韋聲,誋也。从言韋聲。
248,讴,ōu,言,區,从言區聲,齊歌也。从言區聲。
249,讵,jù,言,巨,从言巨聲,詎犹豈也。从言巨聲。
250,讶,yà,言,牙,从言牙聲,相迎也。从言牙聲。《周禮》曰：“諸侯有卿訝發。”
251,许,xǔ,言,午,从言午聲,聽也。从言午聲。
252,论,lún,言,侖,从言侖聲,議也。从言侖聲。
253,讼,sòng,言,公,从言公聲,爭也。从言公聲。曰：謌訟。
254,讽,fěng,言,風,从言風聲,誦也。从言風聲。
255,访,fǎng,言,方,从言方聲,汎謀曰訪。从言方聲。
256,诀,jué,言,決,从言，決省聲,訣别也。一曰法也。从言，決省聲。
257,轨,guǐ,車,九,从車九聲,車徹也。从車九聲。
258,达,dá,辵,羍,从辵羍聲,行不相遇也。从辵羍聲。《詩》曰：“挑兮達兮。”
259,迁,qiān,辵,𠨧,从辵𠨧聲,登也。从辵𠨧聲。
260,迂,yū,辵,于,从辵于聲,避也。从辵于聲。
261,迄,qì,辵,气,从辵气聲,至也。从辵气聲。
262,迅,xùn,辵,卂,从辵卂聲,疾也。从辵卂聲。
263,过,guò,辵,咼,从辵咼聲,度也。从辵咼聲。
264,迈,mài,辵,蠆,从辵，蠆省聲,遠行也。从辵，蠆省聲。
265,邡,fāng,邑,方,从邑方聲,什邡，廣漢縣。从邑方聲。
266,邦,bāng,邑,丰,从邑丰聲,國也。从邑丰聲。
267,邪,yé,邑,牙,从邑牙聲,琅邪郡。从邑牙聲。
268,邬,wū,邑,烏,从邑烏聲,太原縣。从邑烏聲。
269,问,wèn,口,門,从口門聲,訊也。从口門聲。
270,阪,bǎn,𨸏,反,从𨸏反聲,坡者曰阪。一曰澤障。一曰山脅也。从𨸏反聲。
271,阮,yuán,𨸏,元,从𨸏元聲,代郡五阮關也。从𨸏元聲。
272,阱,jǐng,井,井,从𨸏从井，井亦聲,陷也。从𨸏从井，井亦聲。
273,防,fáng,𨸏,方,从𨸏方聲,隄也。从𨸏方聲。
274,阳,yáng,𨸏,昜,从𨸏昜聲,高、明也。从𨸏昜聲。
275,阴,yīn,𨸏,侌,从𨸏侌聲,闇也。水之南、山之北也。从𨸏侌聲。
276,阶,jiē,𨸏,皆,从𨸏皆聲,陛也。从𨸏皆聲。
277,驮,duò,馬,大,从馬大聲,負物也。从馬大聲。此俗語也。
278,驯,xún,馬,川,从馬川聲,馬順也。从馬川聲。
279,驰,chí,馬,也,从馬也聲,大驅也。从馬也聲。
280,严,yán,吅,𠪚,从吅𠪚聲,教命急也。从吅𠪚聲。
281,丽,lì,鹿,丽,从鹿丽聲,旅行也。鹿之性，見食急則必旅行。从鹿丽聲。《禮》：麗皮納聘。蓋鹿皮也。
282,伯,bó,人,白,从人白聲,長也。从人白聲。
283,伴,bàn,人,半,从人半聲,大皃。从人半聲。
284,伶,líng,人,令,从人令聲,弄也。从人令聲。益州有建伶縣。
285,伸,shēn,人,申,从人申聲,屈伸。从人申聲。
286,伺,sì,人,司,从人司聲,𠊱望也。从人司聲。自低已下六字，从人，皆後人所加。
287,佃,diàn,人,田,从人田聲,中也。从人田聲。《春秋傳》曰：“乘中佃。”一轅車。
288,但,dàn,人,旦,从人旦聲,裼也。从人旦聲。
289,低,dī,人,氐,从人、氐，氐亦聲,下也。从人、氐，氐亦聲。
290,体,tǐ,骨,豊,从骨豊聲,緫十二屬也。从骨豊聲。
291,何,hè,人,可,从人可聲,儋也。从人可聲。
292,佗,tuó,人,它,从人它聲,負何也。从人它聲。
293,余,yú,八,舍,从八，舍省聲,語之舒也。从八，舍省聲。
294,佚,yì,人,失,从人失聲,佚民也。从人失聲。一曰佚，忽也。
295,佛,fú,人,弗,从人弗聲,見不審也。从人弗聲。
296,佝,kòu,人,句,从人句聲,務也。从人句聲。
297,佣,chōng,人,庸,从人庸聲,均直也。从人庸聲。
298,兑,duì,儿,㕣,从儿㕣聲,說也。从儿㕣聲。
299,况,kuàng,水,兄,从水兄聲,寒水也。从水兄聲。
300,冶,yě,仌,台,从仌台聲,銷也。从仌台聲。
301,冷,lěng,仌,令,从仌令聲,寒也。从仌令聲。
302,冻,dòng,仌,東,从仌東聲,仌也。从仌東聲。
303,判,pàn,刀,半,从刀半聲,分也。从刀半聲。
304,刭,jǐng,刀,坙,从刀坙聲,刑也。从刀坙聲。
305,助,zhù,力,且,从力且聲,左也。从力且聲。
306,劬,qú,力,句,从力句聲,勞也。从力句聲。
307,劭,shào,力,召,从力召聲,勉也。从力召聲。讀若舜樂《韶》。
308,劲,jìng,力,巠,从力巠聲,彊也。从力巠聲。
309,匣,xiá,匚,甲,从匚甲聲,匱也。从匚甲聲。
310,即,jí,皀,卪,从皀卪聲,即食也。从皀卪聲。
311,却,què,卩,谷,从卪谷聲,節欲也。从卪谷聲。
312,吝,lìn,口,文,从口文聲,恨惜也。从口文聲。《易》曰：“以往吝。”
313,吞,tūn,口,天,从口天聲,咽也。从口天聲。
314,吟,yín,口,今,从口今聲,呻也。从口今聲。
315,含,hán,口,今,从口今聲,嗛也。从口今聲。
316,听,yǐn,口,斤,从口斤聲,笑皃。从口斤聲。
317,吮,shǔn,口,允,从口允聲,欶也。从口允聲。
318,吸,xī,口,及,从口及聲,内息也。从口及聲。
319,吻,wěn,口,勿,从口勿聲,口邊也。从口勿聲。
320,吾,wú,口,五,从口五聲,我，自稱也。从口五聲。
321,呀,xiā,口,牙,从口牙聲,張口皃。从口牙聲。
322,呈,chéng,口,壬,从口壬聲,平也。从口壬聲。
323,员,yuán,員,囗,从貝囗聲,物數也。从貝囗聲。凡員之屬皆从員。
324,呙,kuā,口,冎,从口冎聲,口戾不正也。从口冎聲。
325,园,yuán,囗,袁,从囗袁聲,所以樹果也。从囗袁聲。
326,围,wéi,囗,韋,从囗韋聲,守也。从囗韋聲。
327,均,jūn,土,勻,从土从勻，勻亦聲,平徧也。从土从勻，勻亦聲。
328,坊,fāng,土,方,从土方聲,邑里之名。从土方聲。古通用埅。
329,坎,kǎn,土,欠,从土欠聲,陷也。从土欠聲。
330,坏,pī,土,不,从土不聲,丘再成者也。一曰瓦未燒。从土不聲。
331,坛,tán,土,亶,从土亶聲,祭場也。从土亶聲。
332,坟,fén,土,賁,从土賁聲,墓也。从土賁聲。
333,坠,zhuì,土,隊,从土隊聲,陊也。从土隊聲。古通用䃍。
334,声,shēng,耳,殸,从耳殸聲,音也。从耳殸聲。殸，籒文磬。
335,妊,rèn,女,壬,从女从壬，壬亦聲,孕也。从女从壬，壬亦聲。
336,妒,dù,女,戶,从女戶聲,婦妒夫也。从女戶聲。
337,妓,jì,女,支,从女支聲,婦人小物也。从女支聲。讀若跂行。
338,妗,xiān,女,今,从女今聲,𡝫妗也。一曰善笑皃。从女今聲。
339,妣,bǐ,女,比,从女比聲,殁母也。从女比聲。
340,妨,fáng,女,方,从女方聲,害也。从女方聲。
341,妩,wǔ,女,無,从女無聲,𡡾也。从女無聲。
342,妪,yù,女,區,从女區聲,母也。从女區聲。
343,妫,guī,女,爲,从女爲聲,虞舜居嬀汭，因以爲氏。从女爲聲。
344,姊,zǐ,女,𠂔,从女𠂔聲,女兄也。从女𠂔聲。
345,孜,zī,攴,子,从攴子聲,汲汲也。从攴子聲。《周書》曰：“孜孜無怠。”
346,完,wán,宀,元,从宀元聲,全也。从宀元聲。古文以爲寬字。
347,宏,hóng,宀,厷,从宀厷聲,屋深響也。从宀厷聲。
348,寿,shòu,老,𠷎,从老省，𠷎聲,久也。从老省，𠷎聲。
349,尬,jiè,尣,介,从尣介聲,𡰉𡯗也。从尣介聲。
350,层,céng,尸,曾,从尸曾聲,重屋也。从尸曾聲。
351,岑,cén,山,今,从山今聲,山小而高。从山今聲。
352,岚,lán,山,葻,从山，葻省聲,山名。从山，葻省聲。
353,帏,wéi,巾,韋,从巾韋聲,囊也。从巾韋聲。
354,帐,zhàng,巾,長,从巾長聲,張也。从巾長聲。
355,庇,bì,广,比,从广比聲,蔭也。从广比聲。
356,床,chuáng,木,爿,从木爿聲,安身之坐者。从木爿聲。
357,序,xù,广,予,从广予聲,東西牆也。从广予聲。
358,庐,lú,广,盧,从广盧聲,寄也。秋冬去，春夏居。从广盧聲。
359,庑,wǔ,广,無,从广無聲,堂下周屋。从广無聲。
360,应,yīng,心,𤸰,从心𤸰聲,當也。从心𤸰聲。
361,张,zhāng,弓,長,从弓長聲,施弓弦也。从弓長聲。
362,形,xíng,彡,幵,从彡幵聲,象形也。从彡幵聲。
363,忌,jì,心,己,从心己聲,憎惡也。从心己聲。
364,忍,rěn,心,刃,从心刃聲,能也。从心刃聲。
365,忒,tè,心,弋,从心弋聲,更也。从心弋聲。
366,志,zhì,言,志,从言志聲,記誌也。从言志聲。
367,忘,wàng,心,亡,从心从亡，亡亦聲,不識也。从心从亡，亡亦聲。
368,忡,chōng,心,中,从心中聲,憂也。从心中聲。《詩》曰：“憂心忡忡。”
369,忧,yòu,心,尤,从心尤聲,不動也。从心尤聲。讀若祐。
370,快,kuài,心,夬,从心夬聲,喜也。从心夬聲。
371,忮,zhì,心,支,从心支聲,很也。从心支聲。
372,忱,chén,心,冘,从心冘聲,誠也。从心冘聲。《詩》曰：“天命匪忱。”
373,忻,xīn,心,斤,从心斤聲,闓也。从心斤聲。《司馬法》曰：“善者，忻民之善，閉民之惡。”
374,忾,xì,心,氣,从心从氣，氣亦聲,大息也。从心从氣，氣亦聲。《詩》曰：“愾我寤歎。”
375,怀,huái,心,褱,从心褱聲,念思也。从心褱聲。
376,怃,wǔ,心,無,从心無聲,愛也。韓鄭曰憮。一曰不動。从心無聲。
377,怅,chàng,心,長,从心長聲,望恨也。从心長聲。
378,怆,chuàng,心,倉,从心倉聲,傷也。从心倉聲。
379,扮,fěn,手,分,从手分聲,握也。从手分聲。讀若粉。
380,扶,fú,手,夫,从手夫聲,左也。从手夫聲。
381,技,jì,手,支,从手支聲,巧也。从手支聲。
382,抉,jué,手,夬,从手夬聲,挑也。从手夬聲。
383,把,bǎ,手,巴,从手巴聲,握也。从手巴聲。
384,抒,shū,手,予,从手予聲,挹也。从手予聲。
385,抗,kàng,手,亢,从手亢聲,扞也。从手亢聲。
386,折,zhé,手,習,从手習聲,敗也。从手習聲。
387,抚,fǔ,手,無,从手無聲,安也。从手無聲。一曰循也。
388,抛,pāo,手,𠠵,从手从尤从力，或从手𠠵聲,棄也。从手从尤从力，或从手𠠵聲。案：《左氏傳》通用摽。《詩》：“摽有梅。”摽，落也。義亦同。
389,抟,tuán,手,專,从手專聲,圜也。从手專聲。
390,抠,kōu,手,區,从手區聲,繑也。一曰摳衣升堂。从手區聲。
391,抡,lún,手,侖,从手侖聲,擇也。从手侖聲。
392,护,hù,言,蒦,从言蒦聲,救視也。从言蒦聲。
393,拟,nǐ,手,疑,从手疑聲,度也。从手疑聲。
394,攻,gōng,攴,工,从攴工聲,擊也。从攴工聲。
395,旰,gàn,日,干,从日干聲,晚也。从日干聲。《春秋傳》曰：“日旰君勞。”
396,旱,hàn,日,干,从日干聲,不雨也。从日干聲。
397,时,shí,日,寺,从日寺聲,四時也。从日寺聲。
398,旷,kuàng,日,廣,从日廣聲,明也。从日廣聲。
399,更,gēng,攴,丙,从攴丙聲,改也。从攴丙聲。
400,杈,chā,木,叉,从木叉聲,枝也。从木叉聲。
401,李,lǐ,木,子,从木子聲,果也。从木子聲。
402,杏,xìng,木,可,从木，可省聲,果也。从木，可省聲。
403,材,cái,木,才,从木才聲,木梃也。从木才聲。
404,杖,zhàng,木,丈,从木丈聲,持也。从木丈聲。
405,杜,dù,木,土,从木土聲,甘棠也。从木土聲。
406,杞,qǐ,木,己,从木己聲,枸杞也。从木己聲。
407,杠,gāng,木,工,从木工聲,牀前橫木也。从木工聲。
408,条,tiáo,木,攸,从木攸聲,小枝也。从木攸聲。
409,杨,yáng,木,昜,从木昜聲,木也。从木昜聲。
410,极,jí,木,及,从木及聲,驢上負也。从木及聲。或讀若急。
411,欤,yú,欠,與,从欠與聲,安气也。从欠與聲。
412,歼,jiān,歺,韱,从歺韱聲,微盡也。从歺韱聲。《春秋傳》曰：“齊人殲于遂。”
413,每,měi,屮,母,从屮母聲,艸盛上出也。从屮母聲。
414,汨,mì,水,冥,从水，冥省聲,長沙汨羅淵，屈原所沈之水。从水，冥省聲。
415,汩,gǔ,水,曰,从水曰聲,治水也。从水曰聲。
416,汪,wāng,水,王,从水王聲,深廣也。从水王聲。一曰汪，池也。
417,汶,wèn,水,文,从水文聲,水。出琅邪朱虛東泰山，東入濰。从水文聲。桑欽說：汶水出泰山萊蕪，西南入泲。
418,汹,xiōng,水,匈,从水匈聲,涌也。从水匈聲。
419,汾,fén,水,分,从水分聲,水。出太原晉陽山，西南入河。从水分聲。或曰出汾陽北山，冀州浸。
420,沁,qìn,水,心,从水心聲,水。出上黨羊頭山，東南入河。从水心聲。
421,沂,yí,水,斤,从水斤聲,水。出東海費東，西入泗。从水斤聲。一曰沂水，出泰山蓋青州浸。
422,沅,yuán,水,元,从水元聲,水。出牂牁故且蘭，東北入江。从水元聲。
423,沆,hàng,水,亢,从水亢聲,莽沆，大水也。从水亢聲。一曰大澤皃。
424,沈,chén,水,冘,从水冘聲,陵上滈水也。从水冘聲。一曰濁黕也。
425,沐,mù,水,木,从水木聲,濯髮也。从水木聲。
426,沔,miǎn,水,丏,从水丏聲,水。出武都沮縣東狼谷，東南入江。或曰入夏水。从水丏聲。
427,沛,pèi,水,巿,从水巿聲,水。出遼東番汗塞外，西南入海。从水巿聲。
428,沟,gōu,水,冓,从水冓聲,水瀆。廣四尺、深四尺。从水冓聲。
429,沤,òu,水,區,从水區聲,久漬也。从水區聲。
430,沥,lì,水,歷,从水歷聲,浚也。从水歷聲。一曰水下滴瀝。
431,沦,lún,水,侖,从水侖聲,小波爲淪。从水侖聲。《詩》曰：“河水清且淪漪。”一曰没也。
432,沧,cāng,水,倉,从水倉聲,寒也。从水倉聲。
433,泛,fàn,水,乏,从水乏聲,浮也。从水乏聲。
434,灶,zào,穴,鼀,从穴，鼀省聲,炊竈也。从穴，鼀省聲。
435,灸,jiǔ,火,久,从火久聲,灼也。从火久聲。
436,灼,zhuó,火,勺,从火勺聲,炙也。从火勺聲。
437,灿,càn,火,粲,从火粲聲,燦爤，明瀞皃。从火粲聲。
438,炀,yàng,火,昜,从火昜聲,炙燥也。从火昜聲。
439,牡,mǔ,牛,土,从牛土聲,畜父也。从牛土聲。
440,状,zhuàng,犬,爿,从犬爿聲,犬形也。从犬爿聲。
441,犹,yóu,犬,酋,从犬酋聲,玃屬。从犬酋聲。一曰隴西謂犬子爲猷。
442,狂,kuáng,犬,㞷,从犬㞷聲,狾犬也。从犬㞷聲。
443,狃,niǔ,犬,丑,从犬丑聲,犬性驕也。从犬丑聲。
444,狄,dí,犬,，,从犬，亦省聲,赤狄，本犬種。狄之爲言淫辟也。从犬，亦省聲。
445,玖,jiǔ,玉,久,从玉久聲,石之次玉黑色者。从玉久聲。《詩》曰：“貽我佩玖。”讀若芑。或曰若人句脊之句。
446,甫,fǔ,用,父,从用、父，父亦聲,男子美稱也。从用、父，父亦聲。
447,甬,yǒng,𢎘,用,从𢎘用聲,艸木華甬甬然也。从𢎘用聲。
448,町,tīng,田,丁,从田丁聲,田踐處曰町。从田丁聲。
449,矣,yǐ,矢,以,从矢以聲,語已詞也。从矢以聲。
450,矶,jī,石,幾,从石幾聲,大石激水也。从石幾聲。
451,祀,sì,示,巳,从示巳聲,祭無已也。从示巳聲。
452,私,sī,禾,厶,从禾厶聲,禾也。从禾厶聲。北道名禾主人曰私主人。
453,秃,tū,禿,其,从人，上象禾粟之形，取其聲,無髮也。从人，上象禾粟之形，取其聲。凡禿之屬皆从禿。王育說：蒼頡出見禿人伏禾中，因以制字。未知其審。
454,究,jiù,穴,九,从穴九聲,窮也。从穴九聲。
455,系,xì,系,丿,从糸丿聲,繋也。从糸丿聲。凡系之屬皆从系。
456,纬,wěi,糸,韋,从糸韋聲,織橫絲也。从糸韋聲。
457,纯,chún,糸,屯,从糸屯聲,絲也。从糸屯聲。《論語》曰：“今也純，儉。”
458,纰,bǐ,糸,比,从糸比聲,氐人𦇧也。讀若《禹貢》玭珠。从糸比聲。
459,纲,gāng,糸,岡,从糸岡聲,維紘繩也。从糸岡聲。
460,纳,nà,糸,内,从糸内聲,絲溼納納也。从糸内聲。
461,纵,zòng,糸,從,从糸從聲,緩也。一曰舍也。从糸從聲。
462,纶,lún,糸,侖,从糸侖聲,青絲綬也。从糸侖聲。
463,纷,fēn,糸,分,从糸分聲,馬尾韜也。从糸分聲。
464,纸,zhǐ,糸,氏,从糸氏聲,絮一苫也。从糸氏聲。
465,纺,fǎng,糸,方,从糸方聲,網絲也。从糸方聲。
466,纽,niǔ,糸,丑,从糸丑聲,系也。一曰結而可解。从糸丑聲。
467,纾,shū,糸,予,从糸予聲,緩也。从糸予聲。
468,羌,qiāng,羊,羊,从人从羊，羊亦聲,西戎牧羊人也。从人从羊，羊亦聲。南方蠻閩从虫，北方狄从犬，東方貉从豸，西方羌从羊：此六種也。西南僰人、僬僥，从人；蓋在坤地，頗有順理之性。唯東夷从大。大，人也。夷俗仁，仁者壽，有君子不死之國。孔子曰：“道不行，欲之九夷，乘桴浮於海。”有以也。
469,肓,huāng,肉,亡,从肉亡聲,心上鬲下也。从肉亡聲。《春秋傳》曰：“病在肓之下。”
470,肖,xiào,肉,小,从肉小聲,骨肉相似也。从肉小聲。不似其先，故曰“不肖”也。
471,肝,gān,肉,干,从肉干聲,木藏也。从肉干聲。
472,肠,cháng,肉,昜,从肉昜聲,大小腸也。从肉昜聲。
473,良,liáng,畗,亡,从畗省，亡聲,善也。从畗省，亡聲。
474,芈,mǐ,羊,象,从羊，象聲,羊鳴也。从羊，象聲气上出。與牟同意。
475,芘,pí,艸,比,从艸比聲,艸也。一曰芘茮木。从艸比聲。
476,芙,fú,艸,夫,从艸夫聲,芙蓉也。从艸夫聲。
477,芜,wú,艸,無,从艸無聲,薉也。从艸無聲。
478,芡,qiàn,艸,欠,从艸欠聲,雞頭也。从艸欠聲。
479,芥,jiè,艸,介,从艸介聲,菜也。从艸介聲。
480,芦,lú,艸,盧,从艸盧聲,蘆菔也。一曰薺根。从艸盧聲。
481,芩,qín,艸,今,从艸今聲,艸也。从艸今聲。《詩》曰：“食野之芩。”
482,芪,qí,艸,氏,从艸氏聲,芪母也。从艸氏聲。
483,芫,yuán,艸,元,从艸元聲,魚毒也。从艸元聲。
484,芮,ruì,艸,内,从艸内聲,芮芮，艸生皃。从艸内聲。讀若汭。
485,芰,jì,艸,支,从艸支聲,蔆也。从艸支聲。
486,芳,fāng,艸,方,从艸方聲,香艸也。从艸方聲。
487,芴,wù,艸,勿,从艸勿聲,菲也。从艸勿聲。
488,芸,yún,艸,云,从艸云聲,艸也。似目宿。从艸云聲。《淮南子》說：“芸艸可以死復生。”
489,芹,qín,艸,斤,从艸斤聲,楚葵也。从艸斤聲。
490,芽,yá,艸,牙,从艸牙聲,萌芽也。从艸牙聲。
491,苇,wěi,艸,韋,从艸韋聲,大葭也。从艸韋聲。
492,苋,xiàn,艸,見,从艸見聲,莧菜也。从艸見聲。
493,苌,cháng,艸,長,从艸長聲,萇楚，跳弋。一名羊桃。从艸長聲。
494,苍,cāng,艸,倉,从艸倉聲,艸色也。从艸倉聲。
495,苏,sū,艸,穌,从艸穌聲,桂荏也。从艸穌聲。
496,苣,jù,艸,巨,从艸巨聲,束葦燒。从艸巨聲。
497,虬,qiú,虫,丩,从虫丩聲,龍子有角者。从虫丩聲。
498,补,bǔ,衣,甫,从衣甫聲,完衣也。从衣甫聲。
499,言,yán,言,䇂,从口䇂聲,直言曰言，論難曰語。从口䇂聲。凡言之屬皆从言。
500,证,zhèng,言,正,从言正聲,諫也。从言正聲。
501,诂,gǔ,言,古,从言古聲,訓故言也。从言古聲。《詩》曰詁訓。
502,诃,hē,言,可,从言可聲,大言而怒也。从言可聲。
503,诅,zǔ,言,且,从言且聲,詶也。从言且聲。
504,识,shí,言,戠,从言戠聲,常也。一曰知也。从言戠聲。
505,诈,zhà,言,乍,从言乍聲,欺也。从言乍聲。
506,诉,sù,言,厈,从言，厈省聲,告也。从言，厈省聲。《論語》曰：“訴子路於季孫。”
507,诊,zhěn,言,㐱,从言㐱聲,視也。从言㐱聲。
508,诋,dǐ,言,氐,从言氐聲,苛也。一曰訶也。从言氐聲。
509,诎,qū,言,出,从言出聲,詰詘也。一曰屈襞。从言出聲。
510,诏,zhào,言,召,从言从召，召亦聲,告也。从言从召，召亦聲。
511,译,yì,言,睪,从言睪聲,傳譯四夷之言者。从言睪聲。
512,诒,yí,言,台,从言台聲,相欺詒也。一曰遺也。从言台聲。
513,贡,gòng,貝,工,从貝工聲,獻功也。从貝工聲。
514,财,cái,貝,才,从貝才聲,人所寶也。从貝才聲。
515,身,shēn,身,𠂆,从人𠂆聲,躳也。象人之身。从人𠂆聲。凡身之屬皆从身。
516,轩,xuān,車,干,从車干聲,曲輈藩車。从車干聲。
517,轫,rèn,車,刃,从車刃聲,礙車也。从車刃聲。
518,迎,yíng,辵,卬,从辵卬聲,逢也。从辵卬聲。
519,运,yùn,辵,軍,从辵軍聲,迻徙也。从辵軍聲。
520,近,jìn,辵,斤,从辵斤聲,附也。从辵斤聲。
521,返,fǎn,辵,反,从辵从反，反亦聲,還也。从辵从反，反亦聲。《商書》曰：“祖甲返。”
522,还,huán,辵,瞏,从辵瞏聲,復也。从辵瞏聲。
523,进,jìn,辵,閵,从辵，閵省聲,登也。从辵，閵省聲。
524,远,yuǎn,辵,袁,从辵袁聲,遼也。从辵袁聲。
525,违,wéi,辵,韋,从辵韋聲,離也。从辵韋聲。
526,迟,chí,辵,犀,从辵犀聲,徐行也。从辵犀聲。《詩》曰：“行道遲遲。”
527,邮,yóu,邑,由,从邑由聲,左馮翊高陵。从邑由聲。
528,邯,hán,邑,甘,从邑甘聲,趙邯鄲縣。从邑甘聲。
529,邰,tái,邑,台,从邑台聲,炎帝之後，姜姓所封，周棄外家國。从邑台聲。右扶風斄縣是也。《詩》曰：“有邰家室。”
530,邱,qiū,邑,丘,从邑丘聲,地名。从邑丘聲。
531,邳,pī,邑,丕,从邑丕聲,奚仲之後，湯左相仲虺所封國。在魯辥縣。从邑丕聲。
532,邴,bǐng,邑,丙,从邑丙聲,宋下邑。从邑丙聲。
533,邵,shào,邑,召,从邑召聲,晉邑也。从邑召聲。
534,邶,bèi,邑,北,从邑北聲,故商邑。自河内朝歌以北是也。从邑北聲。
535,邸,dǐ,邑,氐,从邑氐聲,屬國舍。从邑氐聲。
536,邹,zōu,邑,芻,从邑芻聲,魯縣，古邾國，帝顓頊之後所封。从邑芻聲。
537,邺,yè,邑,業,从邑業聲,魏郡縣。从邑業聲。
538,邻,lín,邑,粦,从邑粦聲,五家爲鄰。从邑粦聲。
539,针,zhēn,金,咸,从金咸聲,所以縫也。从金咸聲。
540,钉,xié,目,幵,从目幵聲,蔽人視也。从目幵聲。讀若攜手。一曰直視也。
541,钋,yīng,肉,𤸰,从肉𤸰聲,胷也。从肉𤸰聲。
542,闱,wéi,門,韋,从門韋聲,宮中之門也。从門韋聲。
543,闳,hóng,門,厷,从門厷聲,䢽門也。从門厷聲。
544,闵,mǐn,門,文,从門文聲,弔者在門也。从門文聲。
545,闶,kāng,門,亢,从門亢聲,閌閬，高門也。从門亢聲。
546,闷,mèn,心,門,从心門聲,懣也。从心門聲。
547,阻,zǔ,𨸏,且,从𨸏且聲,險也。从𨸏且聲。
548,阼,zuò,𨸏,乍,从𨸏乍聲,主階也。从𨸏乍聲。
549,阽,yán,𨸏,占,从𨸏占聲,壁危也。从𨸏占聲。
550,阿,ē,𨸏,可,从𨸏可聲,大陵也。一曰曲𨸏也。从𨸏可聲。
551,陂,bēi,𨸏,皮,从𨸏皮聲,阪也。一曰沱也。从𨸏皮聲。
552,附,bù,𨸏,付,从𨸏付聲,附𡝤，小土山也。从𨸏付聲。《春秋傳》曰：“附𡝤無松栢。”
553,际,jì,𨸏,祭,从𨸏祭聲,壁會也。从𨸏祭聲。
554,陆,lù,𨸏,坴,从𨸏从坴，坴亦聲,高平地。从𨸏从坴，坴亦聲。
555,陇,lǒng,𨸏,龍,从𨸏龍聲,天水大阪也。从𨸏龍聲。
556,陈,chén,𨸏,申,从𨸏从木，申聲,宛丘，舜後嬀滿之所封。从𨸏从木，申聲。
557,陉,xíng,𨸏,坙,从𨸏坙聲,山絕坎也。从𨸏坙聲。
558,韧,rèn,韋,刃,从韋刃聲,柔而固也。从韋刃聲。
559,饪,rèn,食,壬,从食壬聲,大孰也。从食壬聲。
560,饬,chì,力,食,从人从力，食聲,致堅也。从人从力，食聲。讀若敕。
561,饭,fàn,食,反,从食反聲,食也。从食反聲。
562,驱,qū,馬,區,从馬區聲,馬馳也。从馬區聲。
563,驳,bó,馬,爻,从馬爻聲,馬色不純。从馬爻聲。
564,驴,lǘ,馬,盧,从馬盧聲,似馬，長耳。从馬盧聲。
565,鸠,jiū,鳥,九,从鳥九聲,鹘鵃也。从鳥九聲。
566,鸡,jī,隹,奚,从隹奚聲,知時畜也。从隹奚聲。
567,事,shì,史,之,从史，之省聲,職也。从史，之省聲。
568,佳,jiā,人,圭,从人圭聲,善也。从人圭聲。
569,佴,èr,人,耳,从人耳聲,佽也。从人耳聲。
570,佶,jí,人,吉,从人吉聲,正也。从人吉聲。《詩》曰：“旣佶且閑。”
571,佻,tiāo,人,兆,从人兆聲,愉也。从人兆聲。《詩》曰：“視民不佻。”
572,佾,yì,人,䏌,从人䏌聲,舞行列也。从人䏌聲。
573,使,shǐ,人,吏,从人吏聲,伶也。从人吏聲。
574,侈,chǐ,人,多,从人多聲,掩脅也。从人多聲。一曰奢也。
575,侉,kuā,人,夸,从人夸聲,𢞎詞。从人夸聲。
576,例,lì,人,𠛱,从人𠛱聲,比也。从人𠛱聲。
577,侍,shì,人,寺,从人寺聲,承也。从人寺聲。
578,侔,móu,人,牟,从人牟聲,齊等也。从人牟聲。
579,侗,tōng,人,同,从人同聲,大皃。从人同聲。《詩》曰：“神罔時侗。”
580,供,gòng,人,共,从人共聲,設也。从人共聲。一曰供給。
581,依,yī,人,衣,从人衣聲,倚也。从人衣聲。
582,侠,xiá,人,夾,从人夾聲,俜也。从人夾聲。
583,侣,lǚ,人,呂,从人呂聲,徒侶也。从人呂聲。
584,侥,yáo,人,堯,从人堯聲,南方有焦僥。人長三尺，短之極。从人堯聲。
585,侦,zhēn,人,貞,从人貞聲,問也。从人貞聲。
586,侧,cè,人,則,从人則聲,㫄也。从人則聲。
587,侨,qiáo,人,喬,从人喬聲,高也。从人喬聲。
588,侩,guì,人,會,从人、會，會亦聲,合市也。从人、會，會亦聲。
589,侪,chái,人,齊,从人齊聲,等輩也。从人齊聲。《春秋傳》曰：“吾儕小人。”
590,净,chéng,水,爭,从水爭聲,魯北城門池也。从水爭聲。
591,刮,guā,刀,𠯑,从刀𠯑聲,掊把也。从刀𠯑聲。
592,到,dào,至,刀,从至刀聲,至也。从至刀聲。
593,刳,kū,刀,夸,从刀夸聲,判也。从刀夸聲。
594,刷,shuā,刀,㕞,从刀，㕞省聲,刮也。从刀，㕞省聲。《禮》：“布刷巾。”
595,券,quàn,刀,𢍏,从刀𢍏聲,契也。从刀𢍏聲。券別之書，以刀判契其旁，故曰契券。
596,刺,cì,刀,朿,从刀从朿，朿亦聲,君殺大夫曰刺。刺，直傷也。从刀从朿，朿亦聲。
597,刻,kè,刀,亥,从刀亥聲,鏤也。从刀亥聲。
598,刽,guì,刀,會,从刀會聲,斷也。从刀會聲。
599,刿,guì,刀,歲,从刀歲聲,利傷也。从刀歲聲。
600,剀,gāi,刀,豈,从刀豈聲,大鎌也。一曰摩也。从刀豈聲。
601,剂,jì,刀,齊,从刀从齊，齊亦聲,齊也。从刀从齊，齊亦聲。
602,劾,hé,力,亥,从力亥聲,法有辠也。从力亥聲。
603,势,shì,力,埶,从力埶聲,盛力權也。从力埶聲。經典通用埶。
604,单,dān,吅,吅,从吅、红，吅亦聲,大也。从吅、红，吅亦聲。闕。
605,卦,guà,卜,圭,从卜圭聲,筮也。从卜圭聲。
606,卷,juǎn,卩,𢍏,从卪𢍏聲,厀曲也。从卪𢍏聲。
607,厕,cì,广,則,从广則聲,清也。从广則聲。
608,叔,shū,又,尗,从又尗聲,拾也。从又尗聲。汝南名收芌爲叔。
609,呦,yōu,口,幼,从口幼聲,鹿鳴聲也。从口幼聲。
610,呱,gū,口,瓜,从口瓜聲,小兒嗁聲。从口瓜聲。《詩》曰：“后稷呱矣。”
611,味,wèi,口,未,从口未聲,滋味也。从口未聲。
612,呶,náo,口,奴,从口奴聲,讙聲也。从口奴聲。《詩》曰：“載號載呶。”
613,呷,xiā,口,甲,从口甲聲,吸呷也。从口甲聲。
614,呻,shēn,口,申,从口申聲,吟也。从口申聲。
615,呼,hū,口,乎,从口乎聲,外息也。从口乎聲。
616,咀,jǔ,口,且,从口且聲,含味也。从口且聲。
617,咄,duō,口,出,从口出聲,相謂也。从口出聲。
618,咆,páo,口,包,从口包聲,噑也。从口包聲。
619,和,hè,口,禾,从口禾聲,相譍也。从口禾聲。
620,咏,yǒng,言,永,从言永聲,歌也。从言永聲。
621,咙,lóng,口,龍,从口龍聲,喉也。从口龍聲。
622,囹,líng,囗,令,从囗令聲,獄也。从囗令聲。
623,固,gù,囗,古,从囗古聲,四塞也。从囗古聲。
624,坡,pō,土,皮,从土皮聲,阪也。从土皮聲。
625,坦,tǎn,土,旦,从土旦聲,安也。从土旦聲。
626,坪,píng,土,平,从土从平，平亦聲,地平也。从土从平，平亦聲。
627,坫,diàn,土,占,从土占聲,屏也。从土占聲。
628,坳,āo,土,幼,从土幼聲,地不平也。从土幼聲。
629,坶,mù,土,母,”从土母聲,朝歌南七十里地。《周書》：“武王與紂戰于坶野。”从土母聲。
630,坷,kě,土,可,从土可聲,坎坷也。梁國寕陵有坷亭。从土可聲。
631,坻,chí,土,氐,”从土氐聲,小渚也。《詩》曰：“宛在水中坻。”从土氐聲。
632,坼,chè,土,㡿,”从土㡿聲,裂也。《詩》曰：“不𡍩不疈。”从土㡿聲。
633,垂,chuí,土,𠂹,从土𠂹聲,遠邊也。从土𠂹聲。
634,垄,lǒng,土,龍,从土龍聲,丘壠也。从土龍聲。
635,垆,lú,土,盧,从土盧聲,剛土也。从土盧聲。
636,备,bèi,人,𤰈,从人𤰈聲,愼也。从人𤰈聲。
637,夜,yè,夕,，,从夕，亦省聲,舍也。天下休舍也。从夕，亦省聲。
638,奉,fèng,𠬞,𡴀,从手从廾，𡴀聲,承也。从手从廾，𡴀聲。
639,奔,bēn,夭,賁,从夭，賁省聲,走也。从夭，賁省聲。與走同意，俱从夭。
640,妯,chōu,女,由,从女由聲,動也。从女由聲。
641,妲,dá,女,旦,从女旦聲,女字。妲己，紂妃。从女旦聲。
642,妹,mèi,女,未,从女未聲,女弟也。从女未聲。
643,始,shǐ,女,台,从女台聲,女之初也。从女台聲。
644,姐,jiě,女,且,从女且聲,蜀謂母曰姐，淮南謂之社。从女且聲。
645,姑,gū,女,古,从女古聲,夫母也。从女古聲。
646,姓,xìng,女,生,从女从生，生亦聲,人所生也。古之神聖母，感天而生子，故稱天子。从女从生，生亦聲。《春秋傳》曰：“天子因生以賜姓。”
647,姗,shān,女,𠛹,从女，𠛹省聲,誹也。一曰翼便也。从女，𠛹省聲。
648,孟,mèng,子,皿,从子皿聲,長也。从子皿聲。
649,季,jì,子,稚,从子，从稚省，稚亦聲,少偁也。从子，从稚省，稚亦聲。
650,孤,gū,子,瓜,从子瓜聲,無父也。从子瓜聲。
651,宓,mì,宀,必,从宀必聲,安也。从宀必聲。
652,宕,dàng,宀,碭,从宀，碭省聲,過也。一曰洞屋。从宀，碭省聲。汝南項有宕鄉。
653,宙,zhòu,宀,由,从宀由聲,舟輿所極覆也。从宀由聲。
654,宛,wǎn,宀,夗,从宀夗聲,屈草自覆也。从宀夗聲。
655,宝,bǎo,宀,缶,从宀从王从貝，缶聲,珍也。从宀从王从貝，缶聲。
656,宠,chǒng,宀,龍,从宀龍聲,尊居也。从宀龍聲。
657,尚,shàng,八,向,从八向聲,曾也。庶幾也。从八向聲。
658,屈,qū,尾,出,从尾出聲,無尾也。从尾出聲。
659,届,jiè,尸,凷,从尸凷聲,行不便也。一曰極也。从尸凷聲。
660,岩,yán,山,嚴,从山嚴聲,岸也。从山嚴聲。
661,岫,xiù,山,由,从山由聲,山穴也。从山由聲。
662,岭,lǐng,山,領,从山領聲,山道也。从山領聲。
663,岱,dài,山,代,从山代聲,太山也。从山代聲。
664,岳,yuè,山,獄,从山獄聲,東，岱；南，靃；西，華；北，恆；中，泰室。王者之所以巡狩所至。从山獄聲。
665,岵,hù,山,古,从山古聲,山有草木也。从山古聲。《詩》曰：“陟彼岵兮。”
666,岸,àn,屵,干,从屵干聲,水厓而高者。从屵干聲。
667,峄,yì,山,睪,从山睪聲,葛嶧山，在東海下邳。从山睪聲。《夏書》曰：“嶧陽孤桐。”
668,帑,tǎng,巾,奴,从巾奴聲,金幣所藏也。从巾奴聲。
669,帔,pèi,巾,皮,从巾皮聲,弘農謂帬帔也。从巾皮聲。
670,帖,tiè,巾,占,从巾占聲,帛書署也。从巾占聲。
671,帘,lián,竹,廉,从竹廉聲,堂簾也。从竹廉聲。
672,帙,zhí,巾,失,从巾失聲,書衣也。从巾失聲。
673,帛,bó,帛,白,从巾白聲,繒也。从巾白聲。凡帛之屬皆从帛。
674,帜,zhì,巾,戠,从巾戠聲,旌旗之屬。从巾戠聲。
675,底,dǐ,广,氐,从广氐聲,山居也。一曰下也。从广氐聲。
676,庖,páo,广,包,从广包聲,廚也。从广包聲。
677,庙,miào,广,朝,从广朝聲,尊先祖皃也。从广朝聲。
678,府,fǔ,广,付,从广付聲,文書藏也。从广付聲。
679,庞,páng,广,龍,从广龍聲,高屋也。从广龍聲。
680,废,fèi,广,發,从广發聲,屋頓也。从广發聲。
681,弧,hú,弓,瓜,从弓瓜聲,木弓也。从弓瓜聲。一曰往體寡，來體多曰弧。
682,弩,nǔ,弓,奴,从弓奴聲,弓有臂者。《周禮》四弩：夾弩、庾弩、唐弩、大弩。从弓奴聲。
683,彼,bǐ,彳,皮,从彳皮聲,往，有所加也。从彳皮聲。
684,往,wǎng,彳,㞷,从彳㞷聲,之也。从彳㞷聲。
685,径,jìng,彳,巠,从彳巠聲,步道也。从彳巠聲。
686,忠,zhōng,心,中,从心中聲,敬也。从心中聲。
687,念,niàn,心,今,从心今聲,常思也。从心今聲。
688,忽,hū,心,勿,从心勿聲,忘也。从心勿聲。
689,忿,fèn,心,分,从心分聲,悁也。从心分聲。
690,怊,chāo,心,召,从心召聲,悲也。从心召聲。
691,怍,zuò,心,作,从心，作省聲,慙也。从心，作省聲。
692,怏,yàng,心,央,从心央聲,不服，懟也。从心央聲。
693,怕,bó,心,白,从心白聲,無爲也。从心白聲。
694,怙,hù,心,古,从心古聲,恃也。从心古聲。
695,怛,dá,心,旦,从心旦聲,憯也。从心旦聲。
696,怜,lián,心,粦,从心粦聲,哀也。从心粦聲。
697,怡,yí,心,台,从心台聲,和也。从心台聲。
698,性,xìng,心,生,从心生聲,人之陽气性善者也。从心生聲。
699,怩,ní,心,尼,从心尼聲,衂怩，慙也。从心尼聲。
700,怪,guài,心,圣,从心圣聲,異也。从心圣聲。
701,怫,fú,心,弗,从心弗聲,鬱也。从心弗聲。
702,怵,chù,心,术,从心术聲,恐也。从心术聲。
703,怿,yì,心,睪,从心睪聲,說也。从心睪聲。經典通用釋。
704,戕,qiāng,戈,爿,从戈爿聲,搶也。他國臣來弑君曰戕。从戈爿聲。
705,房,fáng,戶,方,从戶方聲,室在㫄也。从戶方聲。
706,所,suǒ,斤,戶,从斤戶聲,伐木聲也。从斤戶聲。《詩》曰：“伐木所所。”
707,抨,pēng,手,平,从手平聲,撣也。从手平聲。
708,披,pī,手,皮,从手皮聲,从㫄持曰披。从手皮聲。
709,抵,dǐ,手,氐,从手氐聲,擠也。从手氐聲。
710,拂,fú,手,弗,从手弗聲,過擊也。从手弗聲。
711,拇,mǔ,手,母,从手母聲,將指也。从手母聲。
712,拈,niān,手,占,从手占聲,𢬴也。从手占聲。
713,拉,lā,手,立,从手立聲,摧也。从手立聲。
714,拊,fǔ,手,付,从手付聲,揗也。从手付聲。
715,拓,zhí,手,石,从手石聲,拾也。陳、宋語。从手石聲。
716,拔,bá,手,犮,从手犮聲,擢也。从手犮聲。
717,拗,ǎo,手,幼,从手幼聲,手拉也。从手幼聲。
718,拘,jū,句,句,从句从手，句亦聲,止也。从句从手，句亦聲。
719,拙,zhuō,手,出,从手出聲,不巧也。从手出聲。
720,拚,biàn,手,弁,从手弁聲,拊手也。从手弁聲。
721,拨,bō,手,發,从手發聲,治也。从手發聲。
722,择,zé,手,睪,从手睪聲,柬選也。从手睪聲。
723,放,fàng,放,方,从攴方聲,逐也。从攴方聲。凡放之屬皆从放。
724,斧,fǔ,斤,父,从斤父聲,斫也。从斤父聲。
725,昂,áng,日,卬,从日卬聲,舉也。从日卬聲。
726,昃,zè,日,仄,从日仄聲,日在西方時。側也。从日仄聲。《易》曰：“日𣅛之離。”
727,昕,xīn,日,斤,从日斤聲,旦明，日將出也。从日斤聲。讀若希。
728,服,fú,舟,𠬝,从舟𠬝聲,用也。一曰車右騑，所以舟旋。从舟𠬝聲。
729,杪,miǎo,木,少,从木少聲,木標末也。从木少聲。
730,杰,jié,人,桀,从人桀聲,傲也。从人桀聲。
731,杵,chǔ,木,午,从木午聲,舂杵也。从木午聲。
732,杷,pá,木,巴,从木巴聲,收麥器。从木巴聲。
733,杼,zhù,木,予,从木予聲,機之持緯者。从木予聲。
734,松,sōng,木,公,从木公聲,木也。从木公聲。
735,构,gòu,木,冓,从木冓聲,蓋也。从木冓聲。杜林以爲椽桷字。
736,枇,pí,木,比,从木比聲,枇杷，木也。从木比聲。
737,枉,wǎng,木,㞷,从木㞷聲,衺曲也。从木㞷聲。
738,枋,fāng,木,方,从木方聲,木。可作車。从木方聲。
739,枕,zhěn,木,冘,从木冘聲,臥所薦首者。从木冘聲。
740,枝,zhī,木,支,从木支聲,木别生條也。从木支聲。
741,枞,cōng,木,從,从木從聲,松葉柏身。从木從聲。
742,枢,shū,木,區,从木區聲,戶樞也。从木區聲。
743,枥,lì,木,歴,从木歴聲,櫪㯕，椑指也。从木歴聲。
744,枨,chéng,木,長,从木長聲,杖也。从木長聲。一曰法也。
745,枪,qiāng,木,倉,从木倉聲,歫也。从木倉聲。一曰槍，欀也。
746,枫,fēng,木,風,从木風聲,木也。厚葉弱枝，善搖。一名欇。从木風聲。
747,柜,jǔ,木,巨,从木巨聲,木也。从木巨聲。
748,欣,xīn,欠,斤,从欠斤聲,笑喜也。从欠斤聲。
749,欧,ǒu,欠,區,从欠區聲,吐也。从欠區聲。
750,殴,ōu,殳,區,从殳區聲,捶毄物也。从殳區聲。
751,氓,méng,民,亡,从民亡聲,民也。从民亡聲。讀若盲。
752,氛,fēn,气,分,从气分聲,祥气也。从气分聲。
753,沫,mò,水,末,从水末聲,水。出蜀西徼外，東南入江。从水末聲。
754,沭,shù,水,术,从水术聲,水。出青州浸。从水术聲。
755,沮,jū,水,且,从水且聲,水。出漢中房陵，東入江。从水且聲。
756,沱,tuó,水,它,从水它聲,江別流也。出㟭山東，別爲沱。从水它聲。
757,河,hé,水,可,从水可聲,水。出焞煌塞外昆侖山，發原注海。从水可聲。
758,沸,fèi,水,弗,从水弗聲,滭沸，濫泉。从水弗聲。
759,油,yóu,水,由,从水由聲,水。出武陵孱陵西，東南入江。从水由聲。
760,治,chí,水,台,从水台聲,水。出東萊曲城陽丘山，南入海。从水台聲。
761,沼,zhǎo,水,召,从水召聲,池水。从水召聲。
762,沽,gū,水,古,从水古聲,水。出漁陽塞外，東入海。从水古聲。
763,沾,zhān,水,占,从水占聲,水。出壺關，東入淇。一曰沾，益也。从水占聲。
764,沿,yán,水,㕣,从水㕣聲,緣水而下也。从水㕣聲。《春秋傳》曰：“王沿夏。”
765,泄,yì,水,丗,从水丗聲,水。受九江博安洵波，北入氐。从水丗聲。
766,泌,bì,水,必,从水必聲,俠流也。从水必聲。
767,泓,hóng,水,弘,从水弘聲,下深皃。从水弘聲。
768,泔,gān,水,甘,从水甘聲,周謂潘曰泔。从水甘聲。
769,泗,sì,水,四,从水四聲,受泲水，東入淮。从水四聲。
770,泞,nìng,水,寕,从水寕聲,滎濘也。从水寕聲。
771,泠,líng,水,令,从水令聲,水。出丹陽宛陵，西北入江。从水令聲。
772,泡,pāo,水,包,从水包聲,水。出山陽平樂，東北入泗。从水包聲。
773,波,bō,水,皮,从水皮聲,水涌流也。从水皮聲。
774,泣,qì,水,立,从水立聲,無聲出涕曰泣。从水立聲。
775,泥,ní,水,尼,从水尼聲,水。出北地郁郅北蠻中。从水尼聲。
776,注,zhù,水,主,从水主聲,灌也。从水主聲。
777,泫,xuàn,水,玄,从水玄聲,湝流也。从水玄聲。上黨有泫氏縣。
778,泮,pàn,水,半,从水从半，半亦聲,諸矦鄉射之宮，西南爲水，東北爲牆。从水从半，半亦聲。
779,泯,mǐn,水,民,从水民聲,滅也。从水民聲。
780,泱,yāng,水,央,从水央聲,滃也。从水央聲。
781,泳,yǒng,水,永,从水永聲,潛行水中也。从水永聲。
782,泷,lóng,水,龍,从水龍聲,雨瀧瀧皃。从水龍聲。
783,泸,lú,水,盧,从水盧聲,水名。从水盧聲。
784,泺,luò,水,樂,从水樂聲,齊魯閒水也。从水樂聲。《春秋傳》曰：“公會齊侯于濼。”
785,泽,zé,水,睪,从水睪聲,光潤也。从水睪聲。
786,泾,jīng,水,坙,从水坙聲,水。出安定涇陽幵頭山，東南入渭。雝州之川也。从水坙聲。
787,浅,qiǎn,水,戔,从水戔聲,不深也。从水戔聲。
788,炊,chuī,火,吹,从火，吹省聲,爨也。从火，吹省聲。
789,炕,kàng,火,亢,从火亢聲,乾也。从火亢聲。
790,炜,wěi,火,韋,从火韋聲,盛赤也。从火韋聲。《詩》曰：“彤管有煒。”
791,版,bǎn,片,反,从片反聲,判也。从片反聲。
792,牦,lí,犛,𠩺,从牛𠩺聲,西南夷長髦牛也。从牛𠩺聲。凡犛之屬皆从犛。
793,狎,xiá,犬,甲,从犬甲聲,犬可習也。从犬甲聲。
794,狐,hú,犬,瓜,从犬瓜聲,䄏獸也。鬼所乘之。有三徳：其色中和，小前大後，死則丘首。从犬瓜聲。
795,狗,gǒu,犬,句,”从犬句聲,孔子曰：“狗，叩也。叩气吠以守。”从犬句聲。
796,狙,jū,犬,且,从犬且聲,玃屬。从犬且聲。一曰狙，犬也，暫齧人者。一曰犬不齧人也。
797,玟,méi,玉,文,从玉文聲,火齊，玫瑰也。一曰石之美者。从玉文聲。
798,玩,wán,玉,元,从玉元聲,弄也。从玉元聲。
799,环,huán,玉,睘,从玉睘聲,璧也。肉好若一謂之環。从玉睘聲。
800,瓮,wèng,瓦,公,从瓦公聲,罌也。从瓦公聲。
801,瓯,ōu,瓦,區,从瓦區聲,小盆也。从瓦區聲。
802,畀,bì,丌,甶,从丌甶聲,相付與之。約在閣上也。从丌甶聲。
803,疝,shàn,疒,山,从疒山聲,腹痛也。从疒山聲。
804,疟,nüè,疒,虐,从疒从虐，虐亦聲,熱寒休作。从疒从虐，虐亦聲。
805,疠,lì,疒,蠆,从疒，蠆省聲,惡疾也。从疒，蠆省聲。
806,疡,yáng,疒,昜,从疒昜聲,頭創也。从疒昜聲。
807,盂,yú,皿,亏,从皿亏聲,飯器也。从皿亏聲。
808,盱,xū,目,于,从目于聲,張目也。从目于聲。一曰朝鮮謂盧童子曰盱。
809,盲,máng,目,亡,从目亡聲,目無牟子。从目亡聲。
810,砀,dàng,石,昜,从石昜聲,文石也。从石昜聲。
811,祆,xiān,示,天,从示天聲,胡神也。从示天聲。
812,祈,qí,示,斤,从示斤聲,求福也。从示斤聲。
813,祉,zhǐ,示,止,从示止聲,福也。从示止聲。
814,秆,gǎn,禾,旱,从禾旱聲,禾莖也。从禾旱聲。《春秋傳》曰：“或投一秉稈。”
815,穸,xī,穴,夕,从穴夕聲,窀穸也。从穴夕聲。
816,穹,qióng,穴,弓,从穴弓聲,窮也。从穴弓聲。
817,空,kōng,穴,工,从穴工聲,竅也。从穴工聲。
818,竺,dǔ,二,竹,从二竹聲,厚也。从二竹聲。
819,线,xiàn,糸,戔,从糸戔聲,縷也。从糸戔聲。
820,绀,gàn,糸,甘,从糸甘聲,帛深青揚赤色。从糸甘聲。
821,绁,xiè,糸,丗,从糸丗聲,系也。从糸丗聲。《春秋傳》曰：“臣負羈紲。”
822,练,liàn,糸,柬,从糸柬聲,湅繒也。从糸柬聲。
823,组,zǔ,糸,且,从糸且聲,綬屬。其小者以爲冕纓。从糸且聲。
824,绅,shēn,糸,申,从糸申聲,大帶也。从糸申聲。
825,细,kěn,土,豤,从土豤聲,耕也。从土豤聲。
826,织,zhī,糸,戠,从糸戠聲,作布帛之緫名也。从糸戠聲。
827,终,tóng,龜,夂,从龜夂聲,龜名。从龜夂聲。夂，古文終字。
828,绉,bí,鳥,皀,从鳥皀聲,𪀐绉也。从鳥皀聲。
829,绊,bàn,糸,半,从糸半聲,馬縶也。从糸半聲。
830,绋,fú,糸,弗,从糸弗聲,亂系也。从糸弗聲。
831,绌,chù,糸,出,从糸出聲,絳也。从糸出聲。
832,绍,shào,糸,召,从糸召聲,繼也。从糸召聲。一曰紹，緊糾也。
833,绎,yì,糸,睪,从糸睪聲,抽絲也。从糸睪聲。
834,经,jīng,糸,巠,从糸巠聲,織也。从糸巠聲。
835,绐,dài,糸,台,从糸台聲,絲勞卽紿。从糸台聲。
836,者,zhě,𪞶,纺,从𪞶纺聲,別事詞也。从𪞶纺聲。纺，古文旅字。
837,股,gǔ,肉,殳,从肉殳聲,髀也。从肉殳聲。
838,肪,fáng,肉,方,从肉方聲,𦘺也。从肉方聲。
839,肫,zhūn,肉,屯,从肉屯聲,面頯也。从肉屯聲。
840,肭,nǜ,月,内,从月内聲,朔而月見東方謂之縮肭。从月内聲。
841,育,yù,𠫓,肉,从𠫓肉聲,養子使作善也。从𠫓肉聲。《虞書》曰：“教育子。”
842,肴,yáo,肉,爻,从肉爻聲,啖也。从肉爻聲。
843,肺,fèi,肉,巿,从肉巿聲,金藏也。从肉巿聲。
844,肾,shèn,肉,臤,从肉臤聲,水藏也。从肉臤聲。
845,肿,zhǒng,肉,重,从肉重聲,癰也。从肉重聲。
846,胁,xié,肉,劦,从肉劦聲,兩𦜶也。从肉劦聲。
847,艰,jiān,堇,艮,从堇艮聲,土難治也。从堇艮聲。
848,苑,yuàn,艸,夗,从艸夗聲,所以養禽獸也。从艸夗聲。
849,苓,líng,艸,令,从艸令聲,卷耳也。从艸令聲。
850,苕,tiáo,艸,召,从艸召聲,艸也。从艸召聲。
851,苛,kē,艸,可,从艸可聲,小艸也。从艸可聲。
852,苞,bāo,艸,包,从艸包聲,艸也。南陽以爲麤履。从艸包聲。
853,苟,gǒu,艸,句,从艸句聲,艸也。从艸句聲。
854,苦,kǔ,艸,古,从艸古聲,大苦，苓也。从艸古聲。
855,苫,shān,艸,占,从艸占聲,蓋也。从艸占聲。
856,英,yīng,艸,央,从艸央聲,艸榮而不實者。一曰黃英。从艸央聲。
857,苴,jū,艸,且,从艸且聲,履中艸。从艸且聲。
858,苹,píng,艸,平,从艸平聲,蓱也。無根，浮水而生者。从艸平聲。
859,茁,zhuó,艸,出,从艸出聲,艸初生出地皃。从艸出聲。《詩》曰：“彼茁者葭。”
860,茂,mào,艸,戊,从艸戊聲,艸豐盛。从艸戊聲。
861,范,fàn,艸,氾,从艸氾聲,艸也。从艸氾聲。
862,茄,jiā,艸,加,从艸加聲,芙蕖莖。从艸加聲。
863,茅,máo,艸,矛,从艸矛聲,菅也。从艸矛聲。
864,茇,bá,艸,犮,从艸犮聲,艸根也。从艸犮聲。春艸根枯，引之而發土爲撥，故謂之茇。一曰艸之白華爲茇。
865,茎,jīng,艸,巠,从艸巠聲,枝柱也。从艸巠聲。
866,茏,lóng,艸,龍,从艸龍聲,天蘥也。从艸龍聲。
867,茑,niǎo,艸,鳥,从艸鳥聲,寄生也。从艸鳥聲。《詩》曰：“蔦與女蘿。”
868,茔,yíng,土,熒,从土，熒省聲,墓也。从土，熒省聲。
869,茕,qióng,卂,營,从卂，營省聲,回疾也。从卂，營省聲。
870,虏,lǔ,毌,虍,从毌从力，虍聲,獲也。从毌从力，虍聲。
871,虮,jǐ,虫,幾,从虫幾聲,蝨子也。一曰齊謂蛭曰蟣。从虫幾聲。
872,虱,shī,䖵,卂,从䖵卂聲,齧人蟲。从䖵卂聲。
873,衫,shān,衣,彡,从衣彡聲,衣也。从衣彡聲。
874,诔,lěi,言,耒,从言耒聲,諡也。从言耒聲。
875,试,shì,言,式,从言式聲,用也。从言式聲。《虞書》曰：“明試以功。”
876,诖,guà,言,圭,从言圭聲,誤也。从言圭聲。
877,诗,shī,言,寺,从言寺聲,志也。从言寺聲。
878,诘,jié,言,吉,从言吉聲,問也。从言吉聲。
879,诚,chéng,言,成,从言成聲,信也。从言成聲。
880,诛,zhū,言,朱,从言朱聲,討也。从言朱聲。
881,诜,shēn,言,先,从言从先，先亦聲,致言也。从言从先，先亦聲。《詩》曰：“螽斯羽詵詵兮。”
882,话,huà,言,𠯑,从言𠯑聲,合會善言也。从言𠯑聲。《傳》曰：“告之話言。”
883,诞,dàn,言,延,从言延聲,詞誕也。从言延聲。
884,诟,gòu,言,后,从言后聲,謑詬，恥也。从言后聲。
885,诠,quán,言,全,从言全聲,具也。从言全聲。
886,诡,guǐ,言,危,从言危聲,責也。从言危聲。
887,询,xún,言,旬,从言旬聲,謀也。从言旬聲。
888,诣,yì,言,旨,从言旨聲,𠋫至也。从言旨聲。
889,诤,zhèng,言,爭,从言爭聲,止也。从言爭聲。
890,该,gāi,言,亥,从言亥聲,軍中約也。从言亥聲。讀若心中滿該。
891,详,xiáng,言,羊,从言羊聲,審議也。从言羊聲。
892,诩,xǔ,言,羽,从言羽聲,大言也。从言羽聲。
893,责,zé,貝,朿,从貝朿聲,求也。从貝朿聲。
894,贤,xián,貝,臤,从貝臤聲,多才也。从貝臤聲。
895,货,huò,貝,化,从貝化聲,財也。从貝化聲。
896,贩,fàn,貝,反,从貝反聲,買賤賣貴者。从貝反聲。
897,贪,tān,貝,今,从貝今聲,欲物也。从貝今聲。
898,贫,pín,貝,分,从貝从分，分亦聲,財分少也。从貝从分，分亦聲。
899,购,gòu,貝,冓,从貝冓聲,以財有所求也。从貝冓聲。
900,贮,zhù,貝,宁,从貝宁聲,積也。从貝宁聲。
901,转,zhuǎn,車,專,从車專聲,運也。从車專聲。
902,轮,lún,車,侖,从車侖聲,有輻曰輪，無輻曰輇。从車侖聲。
903,迢,tiáo,辵,召,从辵召聲,迢，遰也。从辵召聲。
904,迥,jiǒng,辵,冋,从辵冋聲,遠也。从辵冋聲。
905,迩,ěr,辵,爾,从辵爾聲,近也。从辵爾聲。
906,迪,dí,辵,由,从辵由聲,道也。从辵由聲。
907,迫,pò,辵,白,从辵白聲,近也。从辵白聲。
908,迭,dié,辵,失,从辵失聲,更迭也。从辵失聲。一曰达。
909,迮,zé,辵,作,从辵，作省聲,迮迮，起也。从辵，作省聲。
910,述,shù,辵,术,从辵术聲,循也。从辵术聲。
911,邾,zhū,邑,朱,从邑朱聲,江夏縣。从邑朱聲。
912,郁,yù,邑,有,从邑有聲,右扶風郁夷也。从邑有聲。
913,郅,zhì,邑,至,从邑至聲,北地郁郅縣。从邑至聲。
914,郇,xún,邑,旬,从邑旬聲,周武王子所封國，在晉地。从邑旬聲。讀若泓。
915,郊,jiāo,邑,交,从邑交聲,距國百里爲郊。从邑交聲。
916,郎,láng,邑,良,从邑良聲,魯亭也。从邑良聲。
917,郏,jiá,邑,夾,从邑夾聲,潁川縣。从邑夾聲。
918,郐,kuài,邑,會,从邑會聲,祝融之後，妘姓所封。潧洧之間。鄭滅之。从邑會聲。
919,郑,zhèng,邑,奠,从邑奠聲,京兆縣。周厲王子友所封。从邑奠聲。宗周之滅，鄭徙潧洧之上，今新鄭是也。
920,郓,yùn,邑,軍,从邑軍聲,河内沁水鄉。从邑軍聲。魯有鄆地。
921,钍,zhì,宀,眞,从宀眞聲,置也。从宀眞聲。
922,钏,chuàn,金,川,从金川聲,臂環也。从金川聲。
923,钐,yáo,欠,䍃,从欠䍃聲,钐钐，气出皃。从欠䍃聲。
924,钓,diào,金,勺,从金勺聲,鉤魚也。从金勺聲。
925,钗,chāi,金,叉,从金叉聲,笄屬。从金叉聲。本只作叉，此字後人所加。
926,闸,yā,門,甲,从門甲聲,開閉門也。从門甲聲。
927,降,jiàng,𨸏,夅,从𨸏夅聲,下也。从𨸏夅聲。
928,限,xiàn,𨸏,艮,从𨸏艮聲,阻也。一曰門榍。从𨸏艮聲。
929,陔,gāi,𨸏,亥,从𨸏亥聲,階次也。从𨸏亥聲。
930,陕,shǎn,𨸏,夾,从𨸏夾聲,弘農陝也。古虢國，王季之子所封也。从𨸏夾聲。
931,顶,dǐng,頁,丁,从頁丁聲,顚也。从頁丁聲。
932,饯,jiàn,食,戔,从食戔聲,送去也。从食戔聲。《詩》曰：“顯父餞之。”
933,饰,shì,巾,食,从巾从人，食聲,㕞也。从巾从人，食聲。讀若式。一曰襐飾。
934,饱,bǎo,食,包,从食包聲,猒也。从食包聲。
935,饴,yí,食,台,从食台聲,米糱煎也。从食台聲。
936,驵,zǎng,馬,且,从馬且聲,牡馬也。从馬且聲。一曰馬蹲駔也。
937,驷,sì,馬,四,从馬四聲,一乘也。从馬四聲。
938,驸,fù,馬,付,从馬付聲,副馬也。从馬付聲。一曰近也。一曰疾也。
939,驹,jū,馬,句,从馬句聲,馬二歲曰駒，三歲曰駣。从馬句聲。
940,驺,zōu,馬,芻,从馬芻聲,廏御也。从馬芻聲。
941,驻,zhù,馬,主,从馬主聲,馬立也。从馬主聲。
942,驾,jià,馬,加,从馬加聲,馬在軛中。从馬加聲。
943,驿,yì,馬,睪,从馬睪聲,置騎也。从馬睪聲。
944,骀,tái,馬,台,从馬台聲,馬銜脫也。从馬台聲。
945,临,lín,臥,品,从臥品聲,監臨也。从臥品聲。
946,亭,tíng,高,丁,亭有樓，从高省，丁聲,民所安定也。亭有樓，从高省，丁聲。
947,亲,qīn,見,亲,从見亲聲,至也。从見亲聲。
948,侮,wǔ,人,𣫭,从人𣫭聲,傷也。从人𣫭聲。
949,促,cù,人,足,从人足聲,迫也。从人足聲。
950,俄,é,人,我,从人我聲,行頃也。从人我聲。《詩》曰：“仄弁之俄。”
951,俅,qiú,人,求,从人求聲,冠飾皃。从人求聲。《詩》曰：“弁服俅俅。”
952,俊,jùn,人,夋,从人夋聲,材千人也。从人夋聲。
953,俑,yǒng,人,甬,从人甬聲,痛也。从人甬聲。
954,俗,sú,人,谷,从人谷聲,習也。从人谷聲。
955,俘,fū,人,孚,从人孚聲,軍所獲也。从人孚聲。《春秋傳》曰：“以爲俘聝。”
956,俚,lǐ,人,里,从人里聲,聊也。从人里聲。
957,俜,pīng,人,甹,从人甹聲,使也。从人甹聲。
958,俟,sì,人,矣,从人矣聲,大也。从人矣聲。《詩》曰：“伾伾俟俟。”
959,俣,yǔ,人,吳,从人吳聲,大也。从人吳聲。《詩》曰：“碩人俁俁。”
960,俦,dào,人,壽,从人壽聲,翳也。从人壽聲。
961,俨,yǎn,人,嚴,从人嚴聲,昂頭也。从人嚴聲。一曰好皃。
962,俪,lí,人,麗,从人麗聲,棽儷也。从人麗聲。
963,俭,jiǎn,人,僉,从人僉聲,約也。从人僉聲。
964,修,xiū,彡,攸,从彡攸聲,飾也。从彡攸聲。
965,兹,zī,艸,兹,从艸，兹省聲,艸木多益。从艸，兹省聲。
966,养,yǎng,食,羊,从食羊聲,供養也。从食羊聲。
967,冠,guān,冖,元,从冂从元，元亦聲,絭也。所以絭髮，弁冕之緫名也。从冂从元，元亦聲。冠有法制，从寸。
968,削,xuē,刀,肖,从刀肖聲,鞞也。一曰析也。从刀肖聲。
969,勃,bó,力,孛,从力孛聲,排也。从力孛聲。
970,勇,yǒng,力,甬,从力甬聲,气也。从力甬聲。
971,勉,miǎn,力,免,从力免聲,彊也。从力免聲。
972,勋,xūn,力,熏,从力熏聲,能成王功也。从力熏聲。
973,匍,pú,勹,甫,从勹甫聲,手行也。从勹甫聲。
974,南,nán,𣎵,𢆉,从𣎵𢆉聲,艸木至南方，有枝任也。从𣎵𢆉聲。
975,厘,lí,里,𠩺,从里𠩺聲,家福也。从里𠩺聲。
976,受,shòu,𠬪,舟,从𠬪，舟省聲,相付也。从𠬪，舟省聲。
977,变,biàn,攴,䜌,从攴䜌聲,更也。从攴䜌聲。
978,叙,xù,攴,余,从攴余聲,次弟也。从攴余聲。
979,叛,pàn,半,反,从半反聲,半也。从半反聲。
980,咤,zhà,口,乇,从口乇聲,噴也。叱怒也。从口乇聲。
981,咦,yí,口,夷,从口夷聲,南陽謂大呼曰咦。从口夷聲。
982,咨,zī,口,次,从口次聲,謀事曰咨。从口次聲。
983,咫,zhǐ,尺,只,从尺只聲,中婦人手長八寸，謂之咫。周尺也。从尺只聲。
984,咳,hái,口,亥,从口亥聲,小兒笑也。从口亥聲。
985,咽,yān,口,因,从口因聲,嗌也。从口因聲。
986,哀,āi,口,衣,从口衣聲,閔也。从口衣聲。
987,哄,hòng,鬥,共,从鬥共聲,鬭也。从鬥共聲。《孟子》曰：“鄒與魯鬨。”
988,哆,chǐ,口,多,从口多聲,張口也。从口多聲。
989,哇,wā,口,圭,从口圭聲,諂聲也。从口圭聲。讀若醫。
990,哉,zāi,口,𢦔,从口𢦔聲,言之閒也。从口𢦔聲。
991,响,xiǎng,音,鄉,从音鄉聲,聲也。从音鄉聲。
992,哑,è,口,亞,从口亞聲,笑也。从口亞聲。《易》曰：“笑言啞啞。”
993,哓,xiāo,口,堯,从口堯聲,懼也。从口堯聲。《詩》曰：“唯予音之嘵嘵。”
994,哕,yuē,口,歲,从口歲聲,气啎也。从口歲聲。
995,哗,huā,言,華,从言華聲,讙也。从言華聲。
996,哙,kuài,口,會,从口會聲,咽也。从口會聲。讀若快。一曰嚵，噲也。
997,哜,jì,口,齊,从口齊聲,嘗也。从口齊聲。《周書》曰：“大保受同祭嚌。”
998,囿,yòu,囗,有,从囗有聲,苑有垣也。从囗有聲。一曰禽獸曰囿。
999,型,xíng,土,刑,从土刑聲,鑄器之法也。从土刑聲。
1000,垓,gāi,土,亥,”从土亥聲,兼垓八極地也。《國語》曰：“天子居九垓之田。”从土亥聲。
1001,垠,yín,土,艮,从土艮聲,地垠也。一曰岸也。从土艮聲。
1002,垢,gòu,土,后,从土后聲,濁也。从土后聲。
1003,垣,yuán,土,亘,从土亘聲,牆也。从土亘聲。
1004,垤,dié,土,至,”从土至聲,螘封也。《詩》曰：“鸛鳴于垤。”从土至聲。
1005,垩,è,土,亞,从土亞聲,白涂也。从土亞聲。
1006,垫,diàn,土,執,”从土執聲,下也。《春秋傳》曰：“墊隘。”从土執聲。
1007,垲,kǎi,土,豈,从土豈聲,高燥也。从土豈聲。
1008,城,chéng,土,成,从土从成，成亦聲,以盛民也。从土从成，成亦聲。
1009,埏,yán,土,延,从土延聲,八方之地也。从土延聲。
1010,复,fù,彳,复,从彳复聲,往來也。从彳复聲。
1011,奎,kuí,大,圭,从大圭聲,兩髀之閒。从大圭聲。
1012,奕,yì,亣,亣,从亣亦聲,大也。从亣亦聲。《詩》曰：“奕奕梁山。”
1013,姘,pīn,女,幷,”从女幷聲,除也。漢律：“齊人予妻婢姦曰姘。”从女幷聲。
1014,姚,yáo,女,兆,从女兆聲,虞舜居姚虛，因以爲姓。从女兆聲。或爲姚，嬈也。《史篇》以爲：姚，易也。
1015,姜,jiāng,女,羊,从女羊聲,神農居姜水，以爲姓。从女羊聲。
1016,姝,shū,女,朱,从女朱聲,好也。从女朱聲。
1017,姣,jiǎo,女,交,从女交聲,好也。从女交聲。
1018,姨,yí,女,夷,从女夷聲,妻之女弟同出爲姨。从女夷聲。
1019,姹,chà,女,乇,从女乇聲,少女也。从女乇聲。
1020,姻,yīn,女,因,从女从因，因亦聲,壻家也。女之所因，故曰姻。从女从因，因亦聲。
1021,姿,zī,女,次,从女次聲,態也。从女次聲。
1022,娃,wā,女,圭,从女圭聲,圜深目皃。或曰吳楚之閒謂好曰娃。从女圭聲。
1023,娆,niǎo,女,堯,从女堯聲,苛也。一曰擾、戲弄也，一曰嬥也。从女堯聲。
1024,娇,jiāo,女,喬,从女喬聲,姿也。从女喬聲。
1025,娈,liàn,女,䜌,从女䜌聲,慕也。从女䜌聲。
1026,孪,luán,子,䜌,从子䜌聲,一乳兩子也。从子䜌聲。
1027,客,kè,宀,各,从宀各聲,寄也。从宀各聲。
1028,宣,xuān,宀,𠄢,从宀𠄢聲,天子宣室也。从宀𠄢聲。
1029,宥,yòu,宀,有,从宀有聲,寬也。从宀有聲。
1030,宪,xiàn,心,害,从心从目，害省聲,敏也。从心从目，害省聲。
1031,宫,gōng,宮,躳,从宀，躳省聲,室也。从宀，躳省聲。凡宮之屬皆从宮。
1032,将,jiàng,寸,𤖕,从寸，𤖕省聲,帥也。从寸，𤖕省聲。
1033,尝,cháng,旨,尚,从旨尚聲,口味之也。从旨尚聲。
1034,屏,píng,尸,幷,从尸幷聲,屏蔽也。从尸幷聲。
1035,峋,xún,山,旬,从山旬聲,嶙峋也。从山旬聲。
1036,峤,jiào,山,喬,从山喬聲,山銳而高也。从山喬聲。古通用喬。
1037,峦,luán,山,䜌,从山䜌聲,山小而銳。从山䜌聲。
1038,帝,dì,丄,朿,从丄朿聲,諦也。王天下之號也。从丄朿聲。
1039,幽,yōu,𢆶,𢆶,从山中𢆶，𢆶亦聲,隱也。从山中𢆶，𢆶亦聲。
1040,庠,xiáng,广,羊,从广羊聲,禮官養老。夏曰校，殷曰庠，周曰序。从广羊聲。
1041,度,dù,又,庶,从又，庶省聲,法制也。从又，庶省聲。
1042,庭,tíng,广,廷,从广廷聲,宮中也。从广廷聲。
1043,弈,yì,𠬞,廾,从廾亦聲,圍棊也。从廾亦聲。《論語》曰：“不有博弈者乎！”
1044,弭,mǐ,弓,耳,从弓耳聲,弓無緣，可以解轡紛者。从弓耳聲。
1045,弯,wān,弓,䜌,从弓䜌聲,持弓關矢也。从弓䜌聲。
1046,彦,yàn,彣,厂,从彣厂聲,美士有文，人所言也。从彣厂聲。
1047,待,dài,彳,寺,从彳寺聲,竢也。从彳寺聲。
1048,很,hěn,彳,𥃩,从彳𥃩聲,不聽从也。一曰行難也。一曰盭也。从彳𥃩聲。
1049,律,lǜ,彳,聿,从彳聿聲,均布也。从彳聿聲。
1050,怒,nù,心,奴,从心奴聲,恚也。从心奴聲。
1051,思,sī,思,囟,从心囟聲,容也。从心囟聲。凡思之屬皆从思。
1052,怠,dài,心,台,从心台聲,慢也。从心台聲。
1053,急,jí,心,及,从心及聲,褊也。从心及聲。
1054,怨,yuàn,心,夗,从心夗聲,恚也。从心夗聲。
1055,总,zǒng,糸,悤,从糸悤聲,聚束也。从糸悤聲。
1056,怼,duì,心,對,从心對聲,怨也。从心對聲。
1057,恂,xún,心,旬,从心旬聲,信心也。从心旬聲。
1058,恃,shì,心,寺,从心寺聲,賴也。从心寺聲。
1059,恢,huī,心,灰,从心灰聲,大也。从心灰聲。
1060,恤,xù,心,血,从心血聲,憂也。收也。从心血聲。
1061,恨,hèn,心,艮,从心艮聲,怨也。从心艮聲。
1062,恫,tōng,心,同,从心同聲,痛也。一曰呻吟也。从心同聲。
1063,恬,tián,心,甛,从心，甛省聲,安也。从心，甛省聲。
1064,恸,tòng,心,動,从心動聲,大哭也。从心動聲。
1065,恺,kǎi,豈,豈,从心、豈，豈亦聲,康也。从心、豈，豈亦聲。
1066,恻,cè,心,則,从心則聲,痛也。从心則聲。
1067,恽,yùn,心,軍,从心軍聲,重厚也。从心軍聲。
1068,战,zhàn,戈,單,从戈單聲,鬬也。从戈單聲。
1069,扃,jiōng,戶,冋,从戶冋聲,外閉之關也。从戶冋聲。
1070,括,kuò,手,𠯑,从手𠯑聲,絜也。从手𠯑聲。
1071,拮,jié,手,吉,从手吉聲,手口共有所作也。从手吉聲。《詩》曰：“予手拮据。”
1072,拱,gǒng,手,共,从手共聲,斂手也。从手共聲。
1073,拾,shí,手,合,从手合聲,掇也。从手合聲。
1074,持,chí,手,寺,从手寺聲,握也。从手寺聲。
1075,挂,guà,手,圭,从手圭聲,畫也。从手圭聲。
1076,指,zhǐ,手,旨,从手旨聲,手指也。从手旨聲。
1077,按,àn,手,安,从手安聲,下也。从手安聲。
1078,挑,tiāo,手,兆,从手兆聲,撓也。从手兆聲。一曰摷也。《國語》曰：“卻至挑夭。”
1079,挞,tà,手,達,从手達聲,鄉飲酒，罰不敬，撻其背。从手達聲。
1080,挟,xié,手,夾,从手夾聲,俾持也。从手夾聲。
1081,挠,náo,手,堯,从手堯聲,擾也。从手堯聲。一曰捄也。
1082,挢,jiǎo,手,喬,从手喬聲,舉手也。从手喬聲。一曰撟，擅也。
1083,挤,jǐ,手,齊,从手齊聲,排也。从手齊聲。
1084,挥,huī,手,軍,从手軍聲,奮也。从手軍聲。
1085,挺,tǐng,手,廷,从手廷聲,拔也。从手廷聲。
1086,政,zhèng,攴,正,从攴从正，正亦聲,正也。从攴从正，正亦聲。
1087,故,gù,攴,古,从攴古聲,使爲之也。从攴古聲。
1088,斫,zhuó,斤,石,从斤石聲,擊也。从斤石聲。
1089,施,shī,㫃,也,从㫃也聲,旗皃。从㫃也聲。亝欒施字子旗，知施者旗也。
1090,既,jì,皀,旡,从皀旡聲,小食也。从皀旡聲。《論語》曰：“不使勝食旣。”
1091,映,yìng,日,央,从日央聲,明也。隱也。从日央聲。
1092,昧,mèi,日,未,从日未聲,爽，旦明也。从日未聲。一曰闇也。
1093,昨,zuó,日,乍,从日乍聲,壘日也。从日乍聲。
1094,昭,zhāo,日,召,从日召聲,日明也。从日召聲。
1095,昱,yù,日,立,从日立聲,明日也。从日立聲。
1096,昴,mǎo,日,卯,从日卯聲,白虎宿星。从日卯聲。
1097,显,xiǎn,頁,㬎,从頁㬎聲,頭明飾也。从頁㬎聲。
1098,曷,hé,曰,匃,从曰匃聲,何也。从曰匃聲。
1099,朐,qú,肉,句,从肉句聲,脯挺也。从肉句聲。
1100,枯,kū,木,古,从木古聲,槀也。从木古聲。《夏書》曰：“唯箘輅枯。”木名也。
1101,枰,píng,木,平,从木从平，平亦聲,平也。从木从平，平亦聲。
1102,枳,zhǐ,木,只,从木只聲,木。似橘。从木只聲。
1103,枵,xiāo,木,号,从木号聲,木根也。从木号聲。《春秋傳》曰：“歲在玄枵。”玄枵，虛也。
1104,枷,jiā,木,加,从木加聲,柫也。从木加聲。淮南謂之柍。
1105,枸,jǔ,木,句,从木句聲,木也。可爲醬。出蜀。从木句聲。
1106,柃,líng,木,令,从木令聲,木也。从木令聲。
1107,柄,bǐng,木,丙,从木丙聲,柯也。从木丙聲。
1108,柏,bǎi,木,白,从木白聲,鞠也。从木白聲。
1109,染,rǎn,水,杂,从水杂聲,以繒染爲色。从水杂聲。
1110,柔,róu,木,矛,从木矛聲,木曲直也。从木矛聲。
1111,柘,zhè,木,石,从木石聲,桑也。从木石聲。
1112,柙,xiá,木,甲,从木甲聲,檻也。以藏虎兕。从木甲聲。
1113,柚,yòu,木,由,从木由聲,條也。似橙而酢。从木由聲。《夏書》曰：“厥包橘柚。”
1114,柝,tuò,木,㡿,从木㡿聲,判也。从木㡿聲。《易》曰：“重門擊𣔳。”
1115,柞,zuò,木,乍,从木乍聲,木也。从木乍聲。
1116,柢,dǐ,木,氐,从木氐聲,木根也。从木氐聲。
1117,柩,jiù,匚,久,从匚从木，久聲,棺也。从匚从木，久聲。
1118,柯,kē,木,可,从木可聲,斧柄也。从木可聲。
1119,柰,nài,木,示,从木示聲,果也。从木示聲。
1120,柱,zhù,木,主,从木主聲,楹也。从木主聲。
1121,柽,chēng,木,聖,从木聖聲,河柳也。从木聖聲。
1122,柿,shì,木,市,从木市聲,赤實果。从木市聲。
1123,栀,zhī,木,巵,从木巵聲,木實可染。从木巵聲。
1124,栅,zhà,木,冊,从木从冊，冊亦聲,編樹木也。从木从冊，冊亦聲。
1125,标,biāo,木,𤐫,从木𤐫聲,木杪末也。从木𤐫聲。
1126,栈,zhàn,木,戔,从木戔聲,棚也。竹木之車曰棧。从木戔聲。
1127,栉,zhì,木,節,从木節聲,梳比之總名也。从木節聲。
1128,栊,lóng,木,龍,从木龍聲,檻也。从木龍聲。
1129,栋,dòng,木,東,从木東聲,極也。从木東聲。
1130,栌,lú,木,盧,从木盧聲,柱上柎也。从木盧聲。伊尹曰：“果之美者，箕山之東，青鳧之所，有櫨橘焉。夏孰也。”一曰宅櫨木，出弘農山也。
1131,栎,lì,木,樂,从木樂聲,木也。从木樂聲。
1132,树,shù,木,尌,从木尌聲,生植之緫名。从木尌聲。
1133,殂,cú,歺,且,从歺且聲,往、死也。从歺且聲。《虞書》曰：“勛乃殂。”
1134,殃,yāng,歺,央,从歺央聲,咎也。从歺央聲。
1135,殄,tiǎn,歺,㐱,从歺㐱聲,盡也。从歺㐱聲。
1136,殆,dài,歺,台,从歺台聲,危也。从歺台聲。
1137,殇,shāng,歺,傷,从歺，傷省聲,不成人也。人年十九至十六死，爲長殤；十五至十二死，爲中殤；十一至八歲死，爲下殤。从歺，傷省聲。
1138,残,cán,歺,戔,从歺戔聲,賊也。从歺戔聲。
1139,段,duàn,殳,耑,从殳，耑省聲,椎物也。从殳，耑省聲。
1140,毖,bì,比,必,从比必聲,愼也。从比必聲。《周書》曰：“無毖于卹。”
1141,泶,xué,水,學,从水，學省聲,夏有水，冬無水，曰澩。从水，學省聲。讀若學。
1142,洁,jié,水,絜,从水絜聲,瀞也。从水絜聲。
1143,洇,yīn,水,因,从水因聲,水也。从水因聲。
1144,洋,xiáng,水,羊,从水羊聲,水。出齊臨朐高山，東北入鉅定。从水羊聲。
1145,洌,liè,水,列,从水列聲,水清也。从水列聲。《易》曰：“井𣸟，寒泉，食。”
1146,洎,jì,水,自,从水自聲,灌釜也。从水自聲。
1147,洒,xǐ,水,西,从水西聲,滌也。从水西聲。古文爲灑埽字。
1148,洗,xiǎn,水,先,从水先聲,洒足也。从水先聲。
1149,洙,shū,水,朱,从水朱聲,水。出泰山蓋臨樂山，北入泗。从水朱聲。
1150,洚,jiàng,水,夅,从水夅聲,水不遵道。一曰下也。从水夅聲。
1151,洛,luò,水,各,从水各聲,水。出左馮翊歸德北夷界中，東南入渭。从水各聲。
1152,洞,dòng,水,同,从水同聲,疾流也。从水同聲。
1153,津,jīn,水,𦘔,从水𦘔聲,水渡也。从水𦘔聲。
1154,洧,wěi,水,有,从水有聲,水。出潁川陽城山，東南入潁。从水有聲。
1155,洪,hóng,水,共,从水共聲,洚水也。从水共聲。
1156,洫,xù,水,血,从水血聲,十里爲成。成閒廣八尺、深八尺謂之洫。从水血聲。《論語》曰：“盡力于溝洫。”
1157,洮,táo,水,兆,从水兆聲,水。出隴西臨洮，東北入河。从水兆聲。
1158,洵,xún,水,旬,从水旬聲,過水中也。从水旬聲。
1159,洹,huán,水,亘,从水亘聲,水。在齊魯閒。从水亘聲。
1160,活,guō,水,𠯑,从水𠯑聲,水流聲。从水𠯑聲。
1161,洼,wā,水,圭,从水圭聲,深池也。从水圭聲。
1162,洽,qià,水,合,从水合聲,霑也。从水合聲。
1163,派,pài,水,𠂢,从水从𠂢，𠂢亦聲,別水也。从水从𠂢，𠂢亦聲。
1164,浃,jiā,水,夾,从水夾聲,洽也。从也。从水夾聲。
1165,浇,jiāo,水,堯,从水堯聲,𣵽也。从水堯聲。
1166,浈,zhēn,水,貞,从水貞聲,水。出南海龍川，西入溱。从水貞聲。
1167,浊,zhuó,水,蜀,从水蜀聲,水。出齊郡厲嬀山，東北入鉅定。从水蜀聲。
1168,测,cè,水,則,从水則聲,深所至也。从水則聲。
1169,浍,guì,水,會,从水會聲,水。出靃山，西南入汾。从水會聲。
1170,济,jǐ,水,齊,从水齊聲,水。出常山房子贊皇山，東入泜。从水齊聲。
1171,浏,liú,水,劉,从水劉聲,流清皃。从水劉聲。《詩》曰：“𤄉其清矣。”
1172,浑,hún,水,軍,从水軍聲,混流聲也。从水軍聲。一曰洿下皃。
1173,浓,nóng,水,農,从水農聲,露多也。从水農聲。《詩》曰：“零露濃濃。”
1174,浔,xún,水,尋,从水尋聲,㫄深也。从水尋聲。
1175,炫,xuàn,火,玄,从火玄聲,燿燿也。从火玄聲。
1176,炭,tàn,火,岸,从火，岸省聲,燒木餘也。从火，岸省聲。
1177,炮,páo,火,包,从火包聲,毛炙肉也。从火包聲。
1178,炯,jiǒng,火,冋,从火冋聲,光也。从火冋聲。
1179,炱,tái,火,台,从火台聲,灰，炱煤也。从火台聲。
1180,炳,bǐng,火,丙,从火丙聲,明也。从火丙聲。
1181,点,diǎn,黑,占,从黑占聲,小黑也。从黑占聲。
1182,炼,liàn,火,柬,从火柬聲,鑠治金也。从火柬聲。
1183,炽,chì,火,戠,从火戠聲,盛也。从火戠聲。
1184,烁,shuò,火,樂,从火樂聲,灼爍，光也。从火樂聲。
1185,牲,shēng,牛,生,从牛生聲,牛完全。从牛生聲。
1186,狠,yán,犬,艮,从犬艮聲,吠鬬聲。从犬艮聲。
1187,狡,jiǎo,犬,交,从犬交聲,少狗也。从犬交聲。匃奴地有狡犬，巨口而黑身。
1188,狩,shòu,犬,守,从犬守聲,犬田也。从犬守聲。《易》曰：“明夷于南狩。”
1189,独,dú,犬,蜀,从犬蜀聲,犬相得而鬬也。从犬蜀聲。羊爲羣，犬爲獨也。一曰北嚻山有獨𤞞獸，如虎，白身，豕鬣，尾如馬。
1190,狯,kuài,犬,會,从犬會聲,狡獪也。从犬會聲。
1191,玲,líng,玉,令,从玉令聲,玉聲。从玉令聲。
1192,珂,kē,玉,可,从玉可聲,玉也。从玉可聲。
1193,珈,jiā,玉,加,从玉加聲,婦人首飾。从玉加聲。《詩》曰：“副筓六珈。”
1194,珉,mín,玉,民,从玉民聲,石之美者。从玉民聲。
1195,珊,shān,玉,刪,从玉，刪省聲,珊瑚，色赤，生於海，或生於山。从玉，刪省聲。
1196,珍,zhēn,玉,㐱,从玉㐱聲,寶也。从玉㐱聲。
1197,珑,lóng,玉,龍,从玉从龍，龍亦聲,禱旱玉。龍文。从玉从龍，龍亦聲。
1198,瓴,líng,瓦,令,从瓦令聲,瓮，似瓶也。从瓦令聲。
1199,疥,jiè,疒,介,从疒介聲,搔也。从疒介聲。
1200,疫,yì,疒,役,从疒，役省聲,民皆疾也。从疒，役省聲。
1201,盅,chōng,皿,中,从皿中聲,器虛也。从皿中聲。《老子》曰：“道盅而用之。”
1202,盆,pén,皿,分,从皿分聲,盎也。从皿分聲。
1203,盼,pàn,目,分,”从目分聲,《詩》曰：“美目盼兮。”从目分聲。
1204,眄,miǎn,目,丏,从目丏聲,目偏合也。一曰衺視也。秦語。从目丏聲。
1205,眇,miǎo,目,少,从目从少，少亦聲,一目小也。从目从少，少亦聲。
1206,眈,dān,目,冘,从目冘聲,視近而志遠。从目冘聲。《易》曰：“虎視眈眈。”
1207,眨,zhǎ,目,乏,从目乏聲,動目也。从目乏聲。
1208,矜,jīn,矛,今,从矛今聲,矛柄也。从矛今聲。
1209,砌,qì,石,切,从石切聲,階甃也。从石切聲。
1210,研,yán,石,幵,从石幵聲,䃺也。从石幵聲。
1211,砚,yàn,石,見,从石見聲,石滑也。从石見聲。
1212,砭,biān,石,乏,从石乏聲,以石刺病也。从石乏聲。
1213,祓,fú,示,犮,从示犮聲,除惡祭也。从示犮聲。
1214,祖,zǔ,示,且,从示且聲,始廟也。从示且聲。
1215,祗,zhī,示,氐,从示氐聲,敬也。从示氐聲。
1216,祚,zuò,示,乍,从示乍聲,福也。从示乍聲。
1217,祠,cí,示,司,从示司聲,春祭曰祠。品物少，多文詞也。从示司聲。仲春之月，祠不用犧牲，用圭璧及皮幣。
1218,祢,nǐ,示,爾,从示爾聲,親廟也。从示爾聲。一本云古文𥜬也。
1219,秋,qiū,禾,𤒅,从禾，𤒅省聲,禾穀孰也。从禾，𤒅省聲。
1220,种,chóng,禾,重,从禾重聲,先穜後孰也。从禾重聲。
1221,秒,miǎo,禾,少,从禾少聲,禾芒也。从禾少聲。
1222,秕,bǐ,禾,比,从禾比聲,不成粟也。从禾比聲。
1223,秭,zǐ,禾,𠂔,从禾𠂔聲,五稯爲秭。从禾𠂔聲。一曰數億至萬曰秭。
1224,窀,zhūn,穴,屯,从穴屯聲,葬之厚夕。从穴屯聲。《春秋傳》曰：“窀穸从先君於地下。”
1225,窆,biǎn,穴,乏,从穴乏聲,葬下棺也。从穴乏聲。《周禮》曰：“及窆執斧。”
1226,竖,shù,臤,豆,从臤豆聲,豎立也。从臤豆聲。
1227,竽,yú,竹,亏,从竹亏聲,管三十六簧也。从竹亏聲。
1228,竿,gān,竹,干,从竹干聲,竹梃也。从竹干聲。
1229,笃,dǔ,馬,竹,从馬竹聲,馬行頓遟。从馬竹聲。
1230,类,lèi,犬,頪,从犬頪聲,種類相似，唯犬爲甚。从犬頪聲。
1231,结,jié,糸,吉,从糸吉聲,締也。从糸吉聲。
1232,绔,kù,糸,夸,从糸夸聲,脛衣也。从糸夸聲。
1233,绕,rǎo,糸,堯,从糸堯聲,纏也。从糸堯聲。
1234,绘,huì,糸,會,”从糸會聲,會五采繡也。《虞書》曰：“山龍華蟲作繪。”《論語》曰：“繪事後素。”从糸會聲。
1235,给,jǐ,糸,合,从糸合聲,相足也。从糸合聲。
1236,绚,xuàn,糸,旬,”从糸旬聲,《詩》云：“素以爲絢兮。”从糸旬聲。
1237,绛,jiàng,糸,夅,从糸夅聲,大赤也。从糸夅聲。
1238,络,luò,糸,各,从糸各聲,絮也。一曰麻未漚也。从糸各聲。
1239,统,tǒng,糸,充,从糸充聲,紀也。从糸充聲。
1240,缸,gāng,缶,工,从缶工聲,瓦也。从缶工聲。
1241,胂,shēn,肉,申,从肉申聲,夾𦟝肉也。从肉申聲。
1242,胄,zhòu,冃,由,从冃由聲,兜鍪也。从冃由聲。
1243,胆,dǎn,肉,詹,从肉詹聲,連肝之府。从肉詹聲。
1244,背,bèi,肉,北,从肉北聲,𦟝也。从肉北聲。
1245,胎,tāi,肉,台,从肉台聲,婦孕三月也。从肉台聲。
1246,胖,pàn,半,半,从半从肉，半亦聲,半體肉也。一曰廣肉。从半从肉，半亦聲。
1247,胗,zhěn,肉,㐱,从肉㐱聲,脣瘍也。从肉㐱聲。
1248,胙,zuò,肉,乍,从肉乍聲,祭福肉也。从肉乍聲。
1249,胜,xīng,肉,生,从肉生聲,犬膏臭也。从肉生聲。一曰不孰也。
1250,胝,zhī,肉,氐,从肉氐聲,腄也。从肉氐聲。
1251,胡,hú,肉,古,从肉古聲,牛𩔞垂也。从肉古聲。
1252,胥,xū,肉,疋,从肉疋聲,蟹醢也。从肉疋聲。
1253,胧,lóng,月,龍,从月龍聲,朦朧也。从月龍聲。
1254,胪,lú,肉,盧,从肉盧聲,皮也。从肉盧聲。
1255,胫,jìng,肉,坙,从肉坙聲,胻也。从肉坙聲。
1256,茈,zǐ,艸,此,从艸此聲,茈艸也。从艸此聲。
1257,茗,míng,艸,名,从艸名聲,荼芽也。从艸名聲。
1258,茜,qiàn,艸,西,从艸西聲,茅蒐也。从艸西聲。
1259,茨,cí,艸,次,从艸次聲,以茅葦蓋屋。从艸次聲。
1260,茬,chí,艸,在,从艸在聲,艸皃。从艸在聲。濟北有茬平縣。
1261,茭,jiāo,艸,交,从艸交聲,乾芻。从艸交聲。一曰牛蘄艸。
1262,茱,zhū,艸,朱,从艸朱聲,茱萸，茮屬。从艸朱聲。
1263,茵,yīn,艸,因,从艸因聲,車重席。从艸因聲。
1264,茸,róng,艸,聦,从艸，聦省聲,艸茸茸皃。从艸，聦省聲。
1265,茹,rú,艸,如,从艸如聲,飤馬也。从艸如聲。
1266,荀,xún,艸,旬,从艸旬聲,艸也。从艸旬聲。
1267,荃,quán,艸,全,从艸全聲,芥脃也。从艸全聲。
1268,荆,jīng,艸,刑,从艸刑聲,楚木也。从艸刑聲。
1269,草,zào,艸,早,从艸早聲,草斗，櫟實也。一曰象斗子。从艸早聲。
1270,荏,rěn,艸,任,从艸任聲,桂荏，蘇。从艸任聲。
1271,荐,jiàn,艸,存,从艸存聲,薦蓆也。从艸存聲。
1272,荑,tí,艸,夷,从艸夷聲,艸也。从艸夷聲。
1273,荒,huāng,艸,㠩,从艸㠩聲,蕪也。从艸㠩聲。一曰艸淹地也。
1274,荔,lì,艸,劦,从艸劦聲,艸也。似蒲而小，根可作㕞。从艸劦聲。
1275,荚,jiá,艸,夾,从艸夾聲,艸實。从艸夾聲。
1276,荛,ráo,艸,堯,从艸堯聲,薪也。从艸堯聲。
1277,荟,huì,艸,會,从艸會聲,艸多皃。从艸會聲。《詩》曰：“薈兮蔚兮。”
1278,荠,cí,艸,齊,从艸齊聲,蒺棃也。从艸齊聲。《詩》曰：“牆有薺。”
1279,荡,dàng,皿,湯,从皿湯聲,滌器也。从皿湯聲。
1280,荣,róng,木,熒,从木，熒省聲,桐木也。从木，熒省聲。一曰屋梠之兩頭起者爲榮。
1281,荤,hūn,艸,軍,从艸軍聲,臭菜也。从艸軍聲。
1282,荥,xíng,水,熒,从水，熒省聲,絕小水也。从水，熒省聲。
1283,荦,luò,牛,勞,从牛，勞省聲,駁牛也。从牛，勞省聲。
1284,荨,tán,艸,尋,从艸尋聲,䒞藩也。从艸尋聲。
1285,荩,jìn,艸,盡,从艸盡聲,艸也。从艸盡聲。
1286,荪,sūn,艸,孫,从艸孫聲,香艸也。从艸孫聲。
1287,荫,yìn,艸,陰,从艸陰聲,艸陰地。从艸陰聲。
1288,药,yào,艸,樂,从艸樂聲,治病艸。从艸樂聲。
1289,莒,jǔ,艸,呂,从艸呂聲,齊謂芌爲莒。从艸呂聲。
1290,莛,tíng,艸,廷,从艸廷聲,莖也。从艸廷聲。
1291,虹,hóng,虫,工,从虫工聲,螮蝀也。狀似蟲。从虫工聲。《明堂月令》曰：“虹始見。”
1292,虺,huǐ,虫,兀,”从虫兀聲,虺以注鳴。《詩》曰：“胡爲纵蜥。”从虫兀聲。
1293,虽,suī,虫,唯,从虫唯聲,似蜥蜴而大。从虫唯聲。
1294,虾,há,虫,叚,从虫叚聲,蝦蟆也。从虫叚聲。
1295,衽,rèn,衣,壬,从衣壬聲,衣䘳也。从衣壬聲。
1296,袂,mèi,衣,夬,从衣夬聲,袖也。从衣夬聲。
1297,袄,ǎo,衣,奥,从衣奥聲,𧚍屬。从衣奥聲。
1298,要,yāo,𦥑,交,从𦥑，交省聲,身中也。象人要自𦥑之形。从𦥑，交省聲。
1299,觇,chān,見,占,从見占聲,窺也。从見占聲。《春秋傳》曰：“公使覘之，信。”
1300,览,lǎn,見,監,从見、監，監亦聲,觀也。从見、監，監亦聲。
1301,觉,jué,見,學,从見，學省聲,寤也。从見，學省聲。一曰發也。
1302,訇,hōng,言,勻,从言，勻省聲,騃言聲。从言，勻省聲。漢中西城有訇鄉。又讀若玄。
1303,诫,jiè,言,戒,从言戒聲,敕也。从言戒聲。
1304,诬,wū,言,巫,从言巫聲,加也。从言巫聲。
1305,语,yǔ,言,吾,从言吾聲,論也。从言吾聲。
1306,误,wù,言,吳,从言吳聲,謬也。从言吳聲。
1307,诰,gào,言,告,从言告聲,告也。从言告聲。
1308,诲,huì,言,每,从言每聲,曉教也。从言每聲。
1309,诳,kuáng,言,狂,从言狂聲,欺也。从言狂聲。
1310,诵,sòng,言,甬,从言甬聲,諷也。从言甬聲。
1311,诶,xī,言,矣,从言矣聲,可惡之辭。从言矣聲。一曰誒然。《春秋傳》曰：“誒誒出出。”
1312,贰,èr,貝,弍,从貝弍聲,副、益也。从貝弍聲。弍，古文二。
1313,贱,jiàn,貝,戔,从貝戔聲,賈少也。从貝戔聲。
1314,贲,bì,貝,卉,从貝卉聲,飾也。从貝卉聲。
1315,贳,shì,貝,丗,从貝丗聲,貸也。从貝丗聲。
1316,贴,tiē,貝,占,从貝占聲,以物爲質也。从貝占聲。
1317,贵,guì,貝,臾,从貝臾聲,物不賤也。从貝臾聲。臾，古文蕢。
1318,贶,kuàng,貝,兄,从貝兄聲,賜也。从貝兄聲。
1319,贷,dài,貝,代,从貝代聲,施也。从貝代聲。
1320,贸,mào,貝,戼,从貝戼聲,易財也。从貝戼聲。
1321,费,fèi,貝,弗,从貝弗聲,𢿱財用也。从貝弗聲。
1322,贺,hè,貝,加,从貝加聲,以禮相奉慶也。从貝加聲。
1323,贻,yí,貝,台,从貝台聲,贈遺也。从貝台聲。經典通用詒。
1324,赳,jiū,走,丩,从走丩聲,輕勁有才力也。从走丩聲。讀若鐈。
1325,赴,fù,走,仆,从走，仆省聲,趨也。从走，仆省聲。
1326,赵,zhào,走,肖,从走肖聲,趨趙也。从走肖聲。
1327,轲,kě,車,可,从車可聲,接軸車也。从車可聲。
1328,轴,zhóu,車,由,从車由聲,持輪也。从車由聲。
1329,轵,zhǐ,車,只,从車只聲,車輪小穿也。从車只聲。
1330,轶,yì,車,失,从車失聲,車相出也。从車失聲。
1331,轸,zhěn,車,㐱,从車㐱聲,車後橫木也。从車㐱聲。
1332,轹,lì,車,樂,从車樂聲,車所踐也。从車樂聲。
1333,轺,yáo,車,召,从車召聲,小車也。从車召聲。
1334,轻,qīng,車,坙,从車坙聲,輕車也。从車坙聲。
1335,迷,mí,辵,米,从辵米聲,或也。从辵米聲。
1336,迸,bèng,辵,并,从辵并聲,散走也。从辵并聲。
1337,迹,jī,辵,辵,从辵亦聲,步處也。从辵亦聲。
1338,追,zhuī,辵,𠂤,从辵𠂤聲,逐也。从辵𠂤聲。
1339,适,kuò,辵,𠯑,从辵𠯑聲,疾也。从辵𠯑聲。讀與括同。
1340,逃,táo,辵,兆,从辵兆聲,亾也。从辵兆聲。
1341,逅,hòu,辵,后,从辵后聲,邂逅也。从辵后聲。
1342,逆,nì,辵,屰,从辵屰聲,迎也。从辵屰聲。關東曰逆，關西曰迎。
1343,逊,xùn,辵,孫,从辵孫聲,遁也。从辵孫聲。
1344,郗,chī,邑,希,从邑希聲,周邑也。在河内。从邑希聲。
1345,郛,fú,邑,孚,从邑孚聲,郭也。从邑孚聲。
1346,郜,gào,邑,告,从邑告聲,周文王子所封國。从邑告聲。
1347,郝,hǎo,邑,赤,从邑赤聲,右扶風鄠、盩厔鄉。从邑赤聲。
1348,郡,jùn,邑,君,从邑君聲,周制：天子地方千里，分爲百縣，縣有四郡。故《春秋傳》曰“上大夫受郡”是也。至秦初置三十六郡，以監其縣。从邑君聲。
1349,郢,yǐng,邑,呈,从邑呈聲,故楚都。在南郡江陵北十里。从邑呈聲。
1350,郦,lì,邑,麗,从邑麗聲,南陽縣。从邑麗聲。
1351,郧,yún,邑,員,从邑員聲,漢南之國。从邑員聲。漢中有鄖關。
1352,酊,dǐng,酉,丁,从酉丁聲,酩酊也。从酉丁聲。
1353,重,zhòng,重,東,从壬東聲,厚也。从壬東聲。凡重之屬皆从重。
1354,钝,dùn,金,屯,从金屯聲,錭也。从金屯聲。
1355,钞,chāo,金,少,从金少聲,叉取也。从金少聲。
1356,钟,zhōng,金,重,从金重聲,酒器也。从金重聲。
1357,钤,qián,金,今,从金今聲,鈐𨬍，大犂也。一曰類㭒。从金今聲。
1358,钦,qīn,欠,金,从欠金聲,欠皃。从欠金聲。
1359,钧,jūn,金,勻,从金勻聲,三十斤也。从金勻聲。
1360,钩,gōu,句,句,从金从句，句亦聲,曲也。从金从句，句亦聲。
1361,钫,fāng,金,方,从金方聲,方鐘也。从金方聲。
1362,钮,niǔ,金,丑,从金丑聲,印鼻也。从金丑聲。
1363,钯,bā,金,巴,”从金巴聲,兵車也。一曰𨮯也。《司馬法》：“晨夜内鈀車。”从金巴聲。
1364,闺,guī,門,圭,从門圭聲,特立之戶，上圜下方，有似圭。从門圭聲。
1365,闻,wén,耳,門,从耳門聲,知聞也。从耳門聲。
1366,闼,tà,門,達,从門達聲,門也。从門達聲。
1367,闽,mǐn,虫,門,从虫門聲,東南越，蛇穜。从虫門聲。
1368,闾,lǘ,門,呂,从門呂聲,里門也。从門呂聲。《周禮》：“五家爲比，五比爲閭。”閭，侶也，二十五家相羣侶也。
1369,阀,fá,門,伐,从門伐聲,閥閱，自序也。从門伐聲。義當通用伐。
1370,阁,gé,門,各,从門各聲,所以止扉也。从門各聲。
1371,阂,ài,門,亥,从門亥聲,外閉也。从門亥聲。
1372,陛,bì,𨸏,坒,从𨸏坒聲,升高階也。从𨸏坒聲。
1373,院,yuàn,𨸏,完,从𨸏完聲,堅也。从𨸏完聲。
1374,除,chú,𨸏,余,从𨸏余聲,殿陛也。从𨸏余聲。
1375,陨,yǔn,𨸏,員,从𨸏員聲,從高下也。从𨸏員聲。《易》曰：“有隕自天。”
1376,险,xiǎn,𨸏,僉,从𨸏僉聲,阻，難也。从𨸏僉聲。
1377,项,xiàng,頁,工,从頁工聲,頭後也。从頁工聲。
1378,飒,sà,風,立,从風立聲,翔風也。从風立聲。
1379,食,shí,食,亼,从皀亼聲,一米也。从皀亼聲。或說亼皀也。凡食之屬皆从食。
1380,饶,ráo,食,堯,从食堯聲,飽也。从食堯聲。
1381,饷,xiǎng,食,向,从食向聲,饟也。从食向聲。
1382,饼,bǐng,食,并,从食并聲,麪餈也。从食并聲。
1383,骁,xiāo,馬,堯,从馬堯聲,良馬也。从馬堯聲。
1384,骂,mà,网,馬,从网馬聲,詈也。从网馬聲。
1385,骄,jiāo,馬,喬,从馬喬聲,馬高六尺爲驕。从馬喬聲。《詩》曰：“我馬唯驕。”一曰野馬。
1386,骆,luò,馬,各,从馬各聲,馬白色黑鬣尾也。从馬各聲。
1387,骇,hài,馬,亥,从馬亥聲,驚也。从馬亥聲。
1388,骈,pián,馬,并,从馬并聲,駕二馬也。从馬并聲。
1389,鸨,bǎo,鳥,𠤏,从鳥𠤏聲,鳥也。肉出尺𦛹。从鳥𠤏聲。
1390,鸩,zhèn,鳥,冘,从鳥冘聲,毒鳥也。从鳥冘聲。一名運日。
1391,亳,bó,高,乇,从高省，乇聲,京兆杜陵亭也。从高省，乇聲。
1392,俱,jū,人,具,从人具聲,偕也。从人具聲。
1393,俳,pái,人,非,从人非聲,戲也。从人非聲。
1394,俺,yàn,人,奄,从人奄聲,大也。从人奄聲。
1395,俾,bǐ,人,卑,从人卑聲,益也。从人卑聲。一曰俾，門侍人。
1396,倍,bèi,人,咅,从人咅聲,反也。从人咅聲。
1397,倏,shū,犬,攸,从犬攸聲,走也。从犬攸聲。讀若叔。
1398,倒,dǎo,人,到,从人到聲,仆也。从人到聲。
1399,倚,yǐ,人,奇,从人奇聲,依也。从人奇聲。
1400,借,jiè,人,昔,从人昔聲,假也。从人昔聲。
1401,倡,chāng,人,昌,从人昌聲,樂也。从人昌聲。
1402,倦,juàn,人,卷,从人卷聲,罷也。从人卷聲。
1403,倨,jù,人,居,从人居聲,不遜也。从人居聲。
1404,倩,qiàn,人,青,从人青聲,人字。从人青聲。東齊壻謂之倩。
1405,倪,ní,人,兒,从人兒聲,俾也。从人兒聲。
1406,倬,zhuō,人,㔬,从人㔬聲,箸大也。从人㔬聲。《詩》曰：“倬彼雲漢。”
1407,倭,wēi,人,委,从人委聲,順皃。从人委聲。《詩》曰：“周道倭遟。”
1408,债,zhài,人,責,从人、責，責亦聲,債負也。从人、責，責亦聲。
1409,倾,qīng,人,頃,从人从頃，頃亦聲,仄也。从人从頃，頃亦聲。
1410,健,jiàn,人,建,从人建聲,伉也。从人建聲。
1411,党,dǎng,黑,尚,从黑尚聲,不鮮也。从黑尚聲。
1412,冢,zhǒng,勹,豖,从勹豖聲,高墳也。从勹豖聲。
1413,冥,míng,冥,冖,从日从六， 冖聲,幽也。从日从六， 冖聲。日數十。十六日而月始虧幽也。凡冥之屬皆从冥。
1414,凄,qī,心,妻,从心妻聲,痛也。从心妻聲。
1415,准,zhǔn,水,隼,从水隼聲,平也。从水隼聲。
1416,凉,liáng,水,京,从水京聲,薄也。从水京聲。
1417,凋,diāo,仌,周,从仌周聲,半傷也。从仌周聲。
1418,凌,líng,水,夌,从水夌聲,水。在臨淮。从水夌聲。
1419,剔,tī,刀,易,从刀易聲,解骨也。从刀易聲。
1420,剖,pōu,刀,咅,从刀咅聲,判也。从刀咅聲。
1421,剜,wān,刀,宛,从刀宛聲,削也。从刀宛聲。
1422,剞,jī,刀,奇,从刀奇聲,剞𠜾，曲刀也。从刀奇聲。
1423,剡,yǎn,刀,炎,从刀炎聲,銳利也。从刀炎聲。
1424,匪,fěi,匚,非,从匚非聲,器，似竹筐。从匚非聲。《逸周書》曰：“實玄黃于匪。”
1425,匿,nì,匸,若,从匸若聲,亡也。从匸若聲。讀如羊騶箠。
1426,厝,cuò,厂,㫺,从厂㫺聲,厲石也。从厂㫺聲。《詩》曰：“他山之石，可以爲𠪞。”
1427,哦,é,口,我,从口我聲,吟也。从口我聲。
1428,哨,shào,口,肖,从口肖聲,不容也。从口肖聲。
1429,哭,kū,哭,獄,从吅，獄省聲,哀聲也。从吅，獄省聲。凡哭之屬皆从哭。
1430,哮,xiāo,口,孝,从口孝聲,豕驚聲也。从口孝聲。
1431,哲,zhé,口,折,从口折聲,知也。从口折聲。
1432,哺,bǔ,口,甫,从口甫聲,哺咀也。从口甫聲。
1433,哽,gěng,口,更,从口更聲,語爲舌所介也。从口更聲。讀若井級綆。
1434,哿,gě,可,加,从可加聲,可也。从可加聲。《詩》曰：“哿矣富人。”
1435,唁,yàn,口,言,从口言聲,弔生也。从口言聲。《詩》曰：“歸唁衞侯。”
1436,唇,zhēn,口,辰,从口辰聲,驚也。从口辰聲。
1437,唉,āi,口,矣,从口矣聲,譍也。从口矣聲。讀若埃。
1438,唏,xī,口,稀,从口，稀省聲,笑也。从口，稀省聲。一曰哀痛不泣曰唏。
1439,唐,táng,口,庚,从口庚聲,大言也。从口庚聲。
1440,唠,chāo,口,勞,从口勞聲,嘮呶，讙也。从口勞聲。
1441,唤,huàn,口,奐,从口奐聲,𧦝也。从口奐聲。古通用奐。
1442,圃,pǔ,囗,甫,从囗甫聲,穜菜曰圃。从囗甫聲。
1443,圄,yǔ,囗,吾,从囗吾聲,守之也。从囗吾聲。
1444,圆,yuán,囗,員,从囗員聲,圜全也。从囗員聲。讀若員。
1445,垸,huán,土,完,从土完聲,以桼和灰而䰍也。从土完聲。一曰補垸。
1446,埂,gěng,土,更,从土更聲,秦謂阬爲埂。从土更聲。讀若井汲綆。
1447,埃,āi,土,矣,从土矣聲,塵也。从土矣聲。
1448,埒,liè,土,寽,从土寽聲,卑垣也。从土寽聲。
1449,埘,shí,土,時,从土時聲,雞棲垣爲塒。从土時聲。
1450,埙,xūn,土,熏,从土熏聲,樂器也。以土爲之，六孔。从土熏聲。
1451,奘,zàng,亣,壯,从亣从壯，壯亦聲,駔大也。从亣从壯，壯亦聲。
1452,奚,xī,亣,𦃟,从亣，𦃟省聲,大腹也。从亣，𦃟省聲。𦃟，籒文系字。
1453,姬,jī,女,𦣞,从女𦣞聲,黃帝居姬水，以爲姓。从女𦣞聲。
1454,娉,pìn,女,甹,从女甹聲,問也。从女甹聲。
1455,娑,suō,女,沙,从女沙聲,舞也。从女沙聲。《詩》曰：“市也媻娑。”
1456,娓,wěi,女,尾,从女尾聲,順也。从女尾聲。讀若𡡾。
1457,娘,ráng,女,襄,从女襄聲,煩擾也。一曰肥大也。从女襄聲。
1458,娟,juān,女,肙,从女肙聲,嬋娟也。从女肙聲。
1459,娠,shēn,女,辰,从女辰聲,女妊身動也。从女辰聲。《春秋傳》曰：“后緡方娠。”一曰宮婢女隸謂之娠。
1460,娣,dì,女,弟,从女从弟，弟亦聲,女弟也。从女从弟，弟亦聲。
1461,娥,é,女,我,从女我聲,帝堯之女，舜妻娥皇字也。秦晉謂好曰娙娥。从女我聲。
1462,娱,yú,女,吳,从女吳聲,樂也。从女吳聲。
1463,娲,wā,女,咼,从女咼聲,古之神聖女，化萬物者也。从女咼聲。
1464,娴,xián,女,閒,从女閒聲,雅也。从女閒聲。
1465,宴,yàn,宀,妟,从宀妟聲,安也。从宀妟聲。
1466,家,jiā,宀,豭,从宀，豭省聲,居也。从宀，豭省聲。
1467,宸,chén,宀,辰,从宀辰聲,屋宇也。从宀辰聲。
1468,宽,kuān,宀,萈,从宀萈聲,屋寬大也。从宀萈聲。
1469,宾,bīn,貝,𡧍,从貝𡧍聲,所敬也。从貝𡧍聲。
1470,屐,jī,履,支,从履省，支聲,屩也。从履省，支聲。
1471,展,zhǎn,尸,𧝑,从尸，𧝑省聲,轉也。从尸，𧝑省聲。
1472,峨,é,山,我,从山我聲,嵯峨也。从山我聲。
1473,峰,fēng,山,夆,从山夆聲,山耑也。从山夆聲。
1474,帱,chóu,巾,𠷎,从巾𠷎聲,禪帳也。从巾𠷎聲。
1475,徐,xú,彳,余,从彳余聲,安行也。从彳余聲。
1476,恁,rèn,心,任,从心任聲,下齎也。从心任聲。
1477,恐,kǒng,心,𢀜,从心𢀜聲,懼也。从心𢀜聲。
1478,恕,shù,心,如,从心如聲,仁也。从心如聲。
1479,恙,yàng,心,羊,从心羊聲,憂也。从心羊聲。
1480,恚,huì,心,圭,从心圭聲,恨也。从心圭聲。
1481,恣,zì,心,次,从心次聲,縱也。从心次聲。
1482,恧,nǜ,心,而,从心而聲,慙也。从心而聲。
1483,恩,ēn,心,因,从心因聲,惠也。从心因聲。
1484,恭,gōng,心,共,从心共聲,肅也。从心共聲。
1485,息,xī,心,自,从心从自，自亦聲,喘也。从心从自，自亦聲。
1486,恳,kěn,心,豤,从心豤聲,悃也。从心豤聲。
1487,恶,è,心,亞,从心亞聲,過也。从心亞聲。
1488,悃,kǔn,心,困,从心困聲,愊也。从心困聲。
1489,悄,qiǎo,心,肖,从心肖聲,憂也。从心肖聲。《詩》曰：“憂心悄悄。”
1490,悌,tì,心,弟,从心弟聲,善兄弟也。从心弟聲。經典通用弟。
1491,悍,hàn,心,旱,从心旱聲,勇也。从心旱聲。
1492,悒,yì,心,邑,从心邑聲,不安也。从心邑聲。
1493,悔,huǐ,心,𣫭,从心𣫭聲,悔恨也。从心𣫭聲。
1494,悛,quān,心,夋,从心夋聲,止也。从心夋聲。
1495,悝,kuī,心,里,从心里聲,啁也。从心里聲。《春秋傳》有孔悝。一曰病也。
1496,悟,wù,心,吾,从心吾聲,覺也。从心吾聲。
1497,扇,shàn,戶,翄,从戶，从翄聲,扉也。从戶，从翄聲。
1498,拳,quán,手,,从手聲,手也。从手聲。
1499,挈,qiè,手,㓞,从手㓞聲,縣持也。从手㓞聲。
1500,挛,luán,手,䜌,从手䜌聲,係也。从手䜌聲。
1501,挨,āi,手,矣,从手矣聲,擊背也。从手矣聲。
1502,挫,cuò,手,𡋲,从手𡋲聲,摧也。从手𡋲聲。
1503,振,zhèn,手,辰,从手辰聲,舉救也。从手辰聲。一曰奮也。
1504,挹,yì,手,邑,从手邑聲,抒也。从手邑聲。
1505,挽,wǎn,車,免,从車免聲,引之也。从車免聲。
1506,捉,zhuō,手,足,从手足聲,搤也。从手足聲。一曰握也。
1507,捋,luō,手,寽,从手寽聲,取易也。从手寽聲。
1508,捌,bā,手,別,从手別聲,方言云：無齒杷。从手別聲。
1509,捎,shāo,手,肖,从手肖聲,自關巳西，凡取物之上者爲撟捎。从手肖聲。
1510,捐,juān,手,肙,从手肙聲,棄也。从手肙聲。
1511,捕,bǔ,手,甫,从手甫聲,取也。从手甫聲。
1512,损,sǔn,手,員,从手員聲,減也。从手員聲。
1513,捡,liǎn,手,僉,从手僉聲,拱也。从手僉聲。
1514,换,huàn,手,奐,从手奐聲,易也。从手奐聲。
1515,捣,dǎo,手,𠷎,从手𠷎聲,手推也。一曰築也。从手𠷎聲。
1516,效,xiào,攴,交,从攴交聲,象也。从攴交聲。
1517,敉,mǐ,攴,米,从攴米聲,撫也。从攴米聲。《周書》曰：“亦未克敉公功。”讀若弭。
1518,敌,dí,攴,啻,从攴啻聲,仇也。从攴啻聲。
1519,斋,zhāi,示,齊,从示，齊省聲,戒，潔也。从示，齊省聲。
1520,旃,zhān,㫃,丹,从㫃丹聲,旗曲柄也。所以旃表士衆。从㫃丹聲。《周禮》曰：“通帛爲旃。”
1521,旄,máo,㫃,毛,从㫃从毛，毛亦聲,幢也。从㫃从毛，毛亦聲。
1522,旆,pèi,㫃,𣎵,从㫃𣎵聲,繼旐之旗也，沛然而垂。从㫃𣎵聲。
1523,晏,yàn,日,安,从日安聲,天清也。从日安聲。
1524,晒,shài,日,麗,从日麗聲,㬥也。从日麗聲。
1525,晓,xiǎo,日,堯,从日堯聲,明也。从日堯聲。
1526,晕,yùn,日,軍,从日軍聲,日月气也。从日軍聲。
1527,晖,huī,日,軍,从日軍聲,光也。从日軍聲。
1528,晚,wǎn,日,免,从日免聲,莫也。从日免聲。
1529,晟,shèng,日,成,从日成聲,明也。从日成聲。
1530,朔,shuò,月,屰,从月屰聲,月一日始蘇也。从月屰聲。
1531,朗,lǎng,月,良,从月良聲,明也。从月良聲。
1532,柴,chái,木,此,从木此聲,小木散材。从木此聲。
1533,栝,tiǎn,木,舌,从木舌聲,炊竈木。从木舌聲。
1534,校,jiào,木,交,从木交聲,木囚也。从木交聲。
1535,栩,xǔ,木,羽,从木羽聲,柔也。从木羽聲。其皁，一曰様。
1536,株,zhū,木,朱,从木朱聲,木根也。从木朱聲。
1537,核,gāi,木,亥,从木亥聲,蠻夷以木皮爲篋，狀如籢尊。从木亥聲。
1538,根,gēn,木,艮,从木艮聲,木株也。从木艮聲。
1539,格,gé,木,各,从木各聲,木長皃。从木各聲。
1540,栽,zài,木,𢦔,从木𢦔聲,築牆長版也。从木𢦔聲。《春秋傳》曰：“楚圍蔡，里而𣒭。”
1541,栾,luán,木,䜌,从木䜌聲,木。似欄。从木䜌聲。《禮》：天子樹松，諸侯柏，大夫欒，士楊。
1542,桂,guì,木,圭,从木圭聲,江南木，百藥之長。从木圭聲。
1543,桃,táo,木,兆,从木兆聲,果也。从木兆聲。
1544,桄,guàng,木,光,从木光聲,充也。从木光聲。
1545,桅,guǐ,木,危,从木危聲,黃木，可染者。从木危聲。
1546,案,àn,木,安,从木安聲,几屬。从木安聲。
1547,桊,juàn,木,𢍏,从木𢍏聲,牛鼻中環也。从木𢍏聲。
1548,桎,zhì,木,至,从木至聲,足械也。从木至聲。
1549,桐,tóng,木,同,从木同聲,榮也。从木同聲。
1550,桓,huán,木,亘,从木亘聲,亭郵表也。从木亘聲。
1551,桔,jié,木,吉,从木吉聲,桔梗，藥名。从木吉聲。一曰直木。
1552,桡,nào,木,堯,从木堯聲,曲木。从木堯聲。
1553,桢,zhēn,木,貞,从木貞聲,剛木也。从木貞聲。上郡有楨林縣。
1554,桥,qiáo,木,喬,从木喬聲,水梁也。从木喬聲。
1555,桧,guì,木,會,从木會聲,柏葉松身。从木會聲。
1556,桩,zhuāng,木,舂,从木舂聲,橛杙也。从木舂聲。
1557,梃,tǐng,木,廷,从木廷聲,一枚也。从木廷聲。
1558,梢,shāo,木,肖,从木肖聲,木也。从木肖聲。
1559,梧,wú,木,吾,从木吾聲,梧桐木。从木吾聲。一名櫬。
1560,殊,shū,歺,朱,从歺朱聲,死也。从歺朱聲。漢令曰：“蠻夷長有罪，當殊之。”
1561,泰,tài,水,大,从廾从水，大聲,滑也。从廾从水，大聲。
1562,浙,zhè,水,折,从水折聲,江。水東至會稽山陰爲浙江。从水折聲。
1563,浚,jùn,水,夋,从水夋聲,杼也。从水夋聲。
1564,浞,zhuó,水,足,从水足聲,濡也。从水足聲。
1565,浦,pǔ,水,甫,从水甫聲,瀕也。从水甫聲。
1566,浩,hào,水,告,从水告聲,澆也。从水告聲。《虞書》曰：“洪水浩浩。”
1567,浪,làng,水,良,从水良聲,滄浪水也。南入江。从水良聲。
1568,浮,fú,水,孚,从水孚聲,氾也。从水孚聲。
1569,浯,wú,水,吾,从水吾聲,水。出琅邪靈門壺山，東北入濰。从水吾聲。
1570,浴,yù,水,谷,从水谷聲,洒身也。从水谷聲。
1571,海,hǎi,水,每,从水每聲,天池也。以納百川者。从水每聲。
1572,浼,měi,水,免,从水免聲,汙也。从水免聲。《詩》曰：“河水浼浼。”《孟子》曰：“汝安能浼我？”
1573,涂,tú,水,余,从水余聲,水。出益州牧靡南山，西北入澠。从水余聲。
1574,涅,niè,水,日,从水从土，日聲,黑土在水中也。从水从土，日聲。
1575,消,xiāo,水,肖,从水肖聲,盡也。从水肖聲。
1576,涌,yǒng,水,甬,从水甬聲,滕也。从水甬聲。一曰涌水，在楚國。
1577,涑,sōu,水,束,从水束聲,𤃬也。从水束聲。河東有涑水。
1578,涓,juān,水,肙,从水肙聲,小流也。从水肙聲。《爾雅》曰：“汝爲涓。”
1579,涔,cén,水,岑,从水岑聲,潰也。一曰涔陽渚，在郢中。从水岑聲。
1580,涕,tì,水,弟,从水弟聲,泣也。从水弟聲。
1581,涛,tāo,水,壽,从水壽聲,大波也。从水壽聲。
1582,涝,láo,水,勞,从水勞聲,水。出扶風鄠，北入渭。从水勞聲。
1583,涞,lái,水,來,从水來聲,水。起北地廣昌，東入河。从水來聲。幷州浸。
1584,涠,wéi,水,圍,从水圍聲,不流濁也。从水圍聲。
1585,涣,huàn,水,奐,从水奐聲,流𢿱也。从水奐聲。
1586,涤,dí,水,條,从水條聲,洒也。从水條聲。
1587,润,rùn,水,閏,从水閏聲,水曰潤下。从水閏聲。
1588,涧,jiàn,水,閒,从水閒聲,山夾水也。从水閒聲。一曰澗水，出弘農新安，東南入洛。
1589,烈,liè,火,𠛱,从火𠛱聲,火猛也。从火𠛱聲。
1590,烘,hōng,火,共,从火共聲,尞也。从火共聲。《詩》曰：“卭烘于煁。”
1591,烙,luò,火,各,从火各聲,灼也。从火各聲。
1592,烛,zhú,火,蜀,从火蜀聲,庭燎，火燭也。从火蜀聲。
1593,烟,yū,艸,於,从艸於聲,鬱也。从艸於聲。一曰𣨙也。
1594,烧,shāo,火,堯,从火堯聲,爇也。从火堯聲。
1595,热,rè,火,埶,从火埶聲,溫也。从火埶聲。
1596,爱,ài,夊,㤅,从夊㤅聲,行皃。从夊㤅聲。
1597,特,tè,牛,寺,从牛寺聲,朴特，牛父也。从牛寺聲。
1598,牺,xī,牛,羲,从牛羲聲,宗廟之牲也。从牛羲聲。賈侍中說：此非古字。
1599,狷,juàn,犬,肙,从犬肙聲,褊急也。从犬肙聲。
1600,狻,suān,犬,夋,从犬夋聲,狻麑，如虦貓，食虎豹者。从犬夋聲。見《爾雅》。
1601,狼,láng,犬,良,从犬良聲,似犬，銳頭，白頰，高前，廣後。从犬良聲。
1602,猃,xiǎn,犬,僉,从犬僉聲,長喙犬。一曰黑犬黃頭。从犬僉聲。
1603,珙,gǒng,玉,共,从玉共聲,玉也。从玉共聲。
1604,珠,zhū,玉,朱,从玉朱聲,蚌之陰精。从玉朱聲。《春秋國語》曰：“珠以禦火灾”是也。
1605,珥,ěr,玉,耳,从玉、耳，耳亦聲,瑱也。从玉、耳，耳亦聲。
1606,珧,yáo,玉,兆,从玉兆聲,蜃甲也。所以飾物也。从玉兆聲。《禮》云：“佩刀，天子玉琫而珧珌。”
1607,珩,héng,玉,行,从玉行聲,佩上玉也。所以節行止也。从玉行聲。
1608,瓞,dié,瓜,失,从瓜失聲,㼎也。从瓜失聲。《詩》曰：“緜緜瓜瓞。”
1609,瓷,cí,瓦,次,从瓦次聲,瓦器。从瓦次聲。
1610,畔,pàn,田,半,从田半聲,田界也。从田半聲。
1611,畛,zhěn,田,㐱,从田㐱聲,井田閒陌也。从田㐱聲。
1612,疱,pào,皮,包,从皮包聲,面生气也。从皮包聲。
1613,疲,pí,疒,皮,从疒皮聲,勞也。从疒皮聲。
1614,疴,kē,疒,可,从疒可聲,病也。从疒可聲。《五行傳》曰：“時卽有口痾。”
1615,疸,dǎn,疒,旦,从疒旦聲,黃病也。从疒旦聲。
1616,疽,jū,疒,且,从疒且聲,癰也。从疒且聲。
1617,疾,jí,疒,矢,从疒矢聲,病也。从疒矢聲。
1618,痂,jiā,疒,加,从疒加聲,疥也。从疒加聲。
1619,病,bìng,疒,丙,从疒丙聲,疾加也。从疒丙聲。
1620,痈,yōng,疒,雝,从疒雝聲,腫也。从疒雝聲。
1621,痉,jìng,疒,巠,从疒巠聲,彊急也。从疒巠聲。
1622,盎,àng,皿,央,从皿央聲,盆也。从皿央聲。
1623,盐,yán,鹽,監,从鹵監聲,鹹也。从鹵監聲。古者，宿沙初作煑海鹽。凡鹽之屬皆从鹽。
1624,监,jiān,臥,䘓,从臥，䘓省聲,臨下也。从臥，䘓省聲。
1625,眙,chì,目,台,从目台聲,直視也。从目台聲。
1626,眚,shěng,目,生,从目生聲,目病生翳也。从目生聲。
1627,眢,yuān,目,夗,从目夗聲,目無明也。从目夗聲。
1628,眩,xuàn,目,玄,从目玄聲,目無常主也。从目玄聲。
1629,砧,zhēn,石,占,从石占聲,石柎也。从石占聲。
1630,破,pò,石,皮,从石皮聲,石碎也。从石皮聲。
1631,砺,lì,石,厲,从石厲聲,䃺也。从石厲聲。經典通用厲。
1632,砻,lóng,石,龍,从石龍聲,䃺也。从石龍聲。天子之桷，椓而礱之。
1633,砾,lì,石,樂,从石樂聲,小石也。从石樂聲。
1634,础,chǔ,石,楚,从石楚聲,礩也。从石楚聲。
1635,祥,xiáng,示,羊,从示羊聲,福也。从示羊聲。一云善。
1636,祧,tiāo,示,兆,从示兆聲,遷廟也。从示兆聲。
1637,祯,zhēn,示,貞,从示貞聲,祥也。从示貞聲。
1638,秘,mì,示,必,从示必聲,神也。从示必聲。
1639,租,zū,禾,且,从禾且聲,田賦也。从禾且聲。
1640,秧,yāng,禾,央,从禾央聲,禾若秧穰也。从禾央聲。
1641,秩,zhì,禾,失,从禾失聲,積也。从禾失聲。《詩》曰：“䆅之秩秩。”
1642,积,jī,禾,責,从禾責聲,聚也。从禾責聲。
1643,称,chēng,禾,爯,从禾爯聲,銓也。从禾爯聲。春分而禾生。日夏至，晷景可度。禾有秒，秋分而秒定。律數：十二秒而當一分，十分而寸。其以爲重：十二粟爲一分，十二分爲一銖。故諸程品皆从禾。
1644,窈,yǎo,穴,幼,从穴幼聲,深遠也。从穴幼聲。
1645,窍,qiào,穴,敫,从穴敫聲,空也。从穴敫聲。
1646,笄,jī,竹,幵,从竹幵聲,簪也。从竹幵聲。
1647,笋,sǔn,竹,旬,从竹旬聲,竹胎也。从竹旬聲。
1648,笏,hù,竹,勿,从竹勿聲,公及士所搢也。从竹勿聲。案：籒文作𡇉，象形。義云佩也。古笏佩之。此字後人所加。
1649,笫,zǐ,竹,𠂔,从竹𠂔聲,牀簀也。从竹𠂔聲。
1650,粉,fěn,米,分,从米分聲,傅面者也。从米分聲。
1651,紊,wèn,糸,文,从糸文聲,亂也。从糸文聲。《商書》曰：“有條而不紊。”
1652,绠,gěng,糸,更,从糸更聲,汲井綆也。从糸更聲。
1653,绡,xiāo,糸,肖,从糸肖聲,生絲也。从糸肖聲。
1654,绢,juàn,糸,肙,从糸肙聲,繒如麥䅌。从糸肙聲。
1655,绣,xiù,糸,肅,从糸肅聲,五采備也。从糸肅聲。
1656,绦,tāo,糸,攸,从糸攸聲,扁緒也。从糸攸聲。
1657,绨,tí,糸,弟,从糸弟聲,厚繒也。从糸弟聲。
1658,缺,quē,缶,決,从缶，決省聲,器破也。从缶，決省聲。
1659,罟,gǔ,网,古,从网古聲,网也。从网古聲。
1660,羔,gāo,羊,照,从羊，照省聲,羊子也。从羊，照省聲。
1661,羞,xiū,丑,丑,从丑，丑亦聲,進獻也。从羊，羊，所進也；从丑，丑亦聲。
1662,翁,wēng,羽,公,从羽公聲,頸毛也。从羽公聲。
1663,耆,qí,老,旨,从老省，旨聲,老也。从老省，旨聲。
1664,耕,gēng,耒,井,从耒井聲,犂也。从耒井聲。一曰古者井田。
1665,耻,chǐ,心,耳,从心耳聲,辱也。从心耳聲。
1666,耽,dān,耳,冘,从耳冘聲,耳大垂也。从耳冘聲。《詩》曰：“士之耽兮。”
1667,耿,gěng,耳,烓,从耳，烓省聲,耳箸頰也。从耳，烓省聲。杜林說：耿，光也。从光，聖省。凡字皆左形右聲。杜林非也。
1668,胯,kuà,肉,夸,从肉夸聲,股也。从肉夸聲。
1669,胲,gāi,肉,亥,从肉亥聲,足大指毛也。从肉亥聲。
1670,胳,gē,肉,各,从肉各聲,亦下也。从肉各聲。
1671,胶,jiāo,肉,翏,从肉翏聲,昵也。作之以皮。从肉翏聲。
1672,能,néng,能,㠯,从肉㠯聲,熊屬。足似鹿。从肉㠯聲。能獸堅中，故稱賢能；而彊壯，稱能傑也。凡能之屬皆从能。
1673,脂,zhī,肉,旨,从肉旨聲,戴角者脂，無角者膏。从肉旨聲。
1674,脍,kuài,肉,會,从肉會聲,細切肉也。从肉會聲。
1675,舫,fǎng,舟,方,从舟方聲,船師也。《明堂月令》曰“舫人”。習水者。从舟方聲。
1676,荷,hé,艸,何,从艸何聲,芙蕖葉。从艸何聲。
1677,荼,tú,艸,余,从艸余聲,苦荼也。从艸余聲。
1678,莆,fǔ,艸,甫,从艸甫聲,萐莆也。从艸甫聲。
1679,莎,suō,艸,沙,从艸沙聲,鎬侯也。从艸沙聲。
1680,莜,diào,艸,條,从艸，條省聲,艸田器。从艸，條省聲。《論語》曰：“以杖荷莜。”今作蓧。
1681,莞,guān,艸,完,从艸完聲,艸也。可以作席。从艸完聲。
1682,莠,yǒu,艸,秀,从艸秀聲,禾粟下生莠。从艸秀聲。讀若酉。
1683,莨,láng,艸,良,从艸良聲,艸也。从艸良聲。
1684,莩,fú,艸,孚,从艸孚聲,艸也。从艸孚聲。
1685,莪,é,艸,我,从艸我聲,蘿莪，蒿屬。从艸我聲。
1686,莱,lái,艸,來,从艸來聲,蔓華也。从艸來聲。
1687,莲,lián,艸,連,从艸連聲,芙蕖之實也。从艸連聲。
1688,莳,shì,艸,時,从艸時聲,更別種。从艸時聲。
1689,莶,liǎn,艸,僉,从艸僉聲,白薟也。从艸僉聲。
1690,获,huò,禾,蒦,从禾蒦聲,刈穀也。从禾蒦聲。
1691,莸,yóu,艸,猶,从艸猶聲,水邊艸也。从艸猶聲。
1692,莹,yíng,玉,熒,从玉，熒省聲,玉色。从玉，熒省聲。一曰石之次玉者。《逸論語》曰：“如玉之瑩。”
1693,莺,yīng,鳥,榮,从鳥，榮省聲,鳥也。从鳥，榮省聲。《詩》曰：“有鶯其羽。”
1694,莼,tuán,艸,專,从艸專聲,蒲叢也。从艸專聲。
1695,莽,mǎng,茻,茻,从犬从茻，茻亦聲,南昌謂犬善逐菟艸中爲莽。从犬从茻，茻亦聲。
1696,虑,lǜ,思,虍,从思虍聲,謀思也。从思虍聲。
1697,虔,qián,虍,文,从虍文聲,虎行皃。从虍文聲。讀若矜。
1698,蚌,bàng,虫,𡴀,从虫𡴀聲,蜃屬。从虫𡴀聲。
1699,蚕,cán,䖵,朁,从䖵朁聲,任絲也。从䖵朁聲。
1700,蚨,fú,虫,夫,从虫夫聲,青蚨，水蟲，可還錢。从虫夫聲。
1701,蚩,chī,虫,之,从虫之聲,蟲也。从虫之聲。
1702,蚬,xiàn,虫,見,从虫見聲,縊女也。从虫見聲。
1703,衄,nǜ,血,丑,从血丑聲,鼻出血也。从血丑聲。
1704,衮,gǔn,衣,公,从衣公聲,天子享先王，卷龍繡於下幅，一龍蟠阿上鄉。从衣公聲。
1705,衷,zhōng,衣,中,从衣中聲,裏䙝衣。从衣中聲。《春秋傳》曰：“皆衷其衵服。”
1706,衾,qīn,衣,今,从衣今聲,大被。从衣今聲。
1707,袁,yuán,衣,叀,从衣，叀省聲,長衣皃。从衣，叀省聲。
1708,袍,páo,衣,包,从衣包聲,襺也。从衣包聲。《論語》曰：“衣弊緼袍。”
1709,袒,zhàn,衣,旦,从衣旦聲,衣縫解也。从衣旦聲。
1710,袢,fán,衣,半,从衣半聲,無色也。从衣半聲。一曰《詩》曰：“是紲袢也。”讀若普。
1711,被,bèi,衣,皮,从衣皮聲,𡪢衣，長一身有半。从衣皮聲。
1712,觊,jì,見,豈,从見豈聲,㰟𡴘也。从見豈聲。
1713,请,qǐng,言,青,从言青聲,謁也。从言青聲。
1714,诸,zhū,言,者,从言者聲,辯也。从言者聲。
1715,诹,jū,言,取,从言取聲,聚謀也。从言取聲。
1716,诺,nuò,言,若,从言若聲,𧭭也。从言若聲。
1717,读,dú,言,賣,从言賣聲,誦書也。从言賣聲。
1718,诽,fěi,言,非,从言非聲,𧩂也。从言非聲。
1719,课,kè,言,果,从言果聲,試也。从言果聲。
1720,诿,wěi,言,委,从言委聲,纍也。从言委聲。
1721,谀,yú,言,㬰,从言㬰聲,諂也。从言㬰聲。
1722,谁,shuí,言,隹,从言隹聲,何也。从言隹聲。
1723,谂,shěn,言,念,从言念聲,深諫也。从言念聲。《春秋傳》曰：“辛伯諗周桓公。”
1724,调,tiáo,言,周,从言周聲,和也。从言周聲。
1725,谅,liàng,言,京,从言京聲,信也。从言京聲。
1726,谆,zhūn,言,𦎫,从言𦎫聲,告曉之孰也。从言𦎫聲。讀若庉。
1727,谇,suì,言,卒,从言卒聲,讓也。从言卒聲。《國語》曰：“誶申胥。”
1728,谈,tán,言,炎,从言炎聲,語也。从言炎聲。
1729,豹,bào,豸,勺,从豸勺聲,似虎，圜文。从豸勺聲。
1730,豺,chái,豸,才,从豸才聲,狼屬，狗聲。从豸才聲。
1731,贼,zéi,戈,則,从戈則聲,敗也。从戈則聲。
1732,贾,gǔ,貝,襾,从貝襾聲,賈市也。从貝襾聲。一曰坐賣售也。
1733,贿,huì,貝,有,从貝有聲,財也。从貝有聲。
1734,赀,zī,貝,此,从貝此聲,小罰以財自贖也。从貝此聲。漢律：民不繇，貲錢二十二。
1735,赁,lìn,貝,任,从貝任聲,庸也。从貝任聲。
1736,赂,lù,貝,各,从貝各聲,遺也。从貝各聲。
1737,资,zī,貝,次,从貝次聲,貨也。从貝次聲。
1738,赶,qián,走,干,从走干聲,舉尾走也。从走干聲。
1739,起,qǐ,走,巳,从走巳聲,能立也。从走巳聲。
1740,趿,sà,足,及,从足及聲,進足有所擷取也。从足及聲。《爾雅》曰：“趿謂之擷。”
1741,轼,shì,車,式,从車式聲,車前也。从車式聲。
1742,载,zài,車,𢦔,从車𢦔聲,乘也。从車𢦔聲。
1743,辁,quán,車,全,从車全聲,蕃車下庳輪也。一曰無輻也。从車全聲。讀若饌。
1744,辂,lù,車,各,从車各聲,車軨前橫木也。从車各聲。
1745,逋,bū,辵,甫,从辵甫聲,亾也。从辵甫聲。
1746,逍,xiāo,辵,肖,从辵肖聲,逍遥，猶翱翔也。从辵肖聲。
1747,透,tòu,辵,秀,从辵秀聲,跳也。過也。从辵秀聲。
1748,逑,qiú,辵,求,从辵求聲,斂聚也。从辵求聲。《虞書》曰：“㫄逑孱功。”又曰：“怨匹曰逑。”
1749,递,dì,辵,虒,从辵虒聲,更易也。从辵虒聲。
1750,逖,tì,辵,狄,从辵狄聲,遠也。从辵狄聲。
1751,逗,dòu,辵,豆,从辵豆聲,止也。从辵豆聲。
1752,通,tōng,辵,甬,从辵甬聲,達也。从辵甬聲。
1753,逝,shì,辵,折,从辵折聲,往也。从辵折聲。讀若誓。
1754,逞,chěng,辵,呈,从辵呈聲,通也。从辵呈聲。楚謂疾行爲逞。《春秋傳》曰：“何所不逞欲。”
1755,速,sù,辵,束,从辵束聲,疾也。从辵束聲。
1756,造,zào,辵,告,从辵告聲,就也。从辵告聲。譚長說：造，上士也。
1757,逡,qūn,辵,夋,从辵夋聲,復也。从辵夋聲。
1758,逢,féng,辵,峯,从辵，峯省聲,遇也。从辵，峯省聲。
1759,逦,lǐ,辵,麗,从辵麗聲,行邐邐也。从辵麗聲。
1760,部,bù,邑,咅,从邑咅聲,天水狄部。从邑咅聲。
1761,郫,pí,邑,卑,从邑卑聲,蜀縣也。从邑卑聲。
1762,郭,guō,邑,𩫏,从邑𩫏聲,齊之郭氏虚。善善不能進，惡惡不能退，是以亡國也。从邑𩫏聲。
1763,郯,tán,邑,炎,从邑炎聲,東海縣。帝少昊之後所封。从邑炎聲。
1764,郴,chēn,邑,林,从邑林聲,桂陽縣。从邑林聲。
1765,郸,dān,邑,單,从邑單聲,邯鄲縣。从邑單聲。
1766,都,dū,邑,者,从邑者聲,有先君之舊宗廟曰都。从邑者聲。周禮：距國五百里爲都。
1767,酌,zhuó,酉,勺,从酉勺聲,盛酒行觴也。从酉勺聲。
1768,配,pèi,酉,己,从酉己聲,酒色也。从酉己聲。
1769,酏,yǐ,酉,也,从酉也聲,黍酒也。从酉也聲。一曰甜也。賈侍中說：酏爲鬻清。
1770,酒,jiǔ,酉,酉,从水从酉，酉亦聲,就也，所以就人性之善惡。从水从酉，酉亦聲。一曰造也，吉凶所造也。 古者儀狄作酒醪，禹嘗之而美，遂䟽儀狄。杜康作秫酒。
1771,钱,jiǎn,金,戔,从金戔聲,銚也。古田器。从金戔聲。《詩》曰：“庤乃錢鎛。”
1772,钲,zhēng,金,正,从金正聲,鐃也。似鈴，柄中，上下通。从金正聲。
1773,钳,qián,金,甘,从金甘聲,以𨮯有所劫束也。从金甘聲。
1774,钺,huì,金,戉,从金戉聲,車鑾聲也。从金戉聲。《詩》曰：“鑾聲鉞鉞。”
1775,钻,chān,金,占,从金占聲,𨮯銸也。从金占聲。一曰膏車𨮯鉆。
1776,钿,tián,金,田,从金田聲,金華也。从金田聲。
1777,铁,tiě,金,𢧤,从金𢧤聲,黑金也。从金𢧤聲。
1778,铃,líng,金,令,从金从令，令亦聲,令丁也。从金从令，令亦聲。
1779,铄,shuò,金,樂,从金樂聲,銷金也。从金樂聲。
1780,铅,qiān,金,㕣,从金㕣聲,青金也。从金㕣聲。
1781,铉,xuàn,金,玄,从金玄聲,舉鼎也。《易》謂之鉉，《禮》謂之鼏。从金玄聲。
1782,铊,shī,金,它,从金它聲,短矛也。从金它聲。
1783,铍,pī,金,皮,从金皮聲,大鍼也。一曰劒如刀裝者。从金皮聲。
1784,铎,duó,金,睪,从金睪聲,大鈴也。軍法：五人爲伍，五伍爲兩，兩司馬執鐸。从金睪聲。
1785,阄,jiū,鬥,龜,从鬥龜聲,鬭取也。从鬥龜聲。讀若三合繩糾。
1786,阅,yuè,門,說,从門，說省聲,具數於門中也。从門，說省聲。
1787,阆,làng,門,良,从門良聲,門高也。从門良聲。巴郡有閬中縣。
1788,陪,péi,𨸏,咅,从𨸏咅聲,重土也。一曰滿也。从𨸏咅聲。
1789,陬,zōu,𨸏,取,从𨸏取聲,阪隅也。从𨸏取聲。
1790,陲,chuí,𨸏,垂,从𨸏垂聲,危也。从𨸏垂聲。
1791,陴,pí,𨸏,卑,从𨸏卑聲,城上女牆俾倪也。从𨸏卑聲。
1792,陵,líng,𨸏,夌,从𨸏夌聲,大𨸏也。从𨸏夌聲。
1793,陶,táo,𨸏,匋,从𨸏匋聲,再成丘也，在濟陰。从𨸏匋聲。《夏書》曰：“東至于陶丘。”陶丘有堯城，堯嘗所居，故堯號陶唐氏。
1794,陷,xiàn,𨸏,臽,从𨸏从臽，臽亦聲,高下也。一曰陊也。从𨸏从臽，臽亦聲。
1795,顼,xū,頁,玉,从頁玉聲,頭頊頊謹皃。从頁玉聲。
1796,顽,wán,頁,元,从頁元聲,㮯頭也。从頁元聲。
1797,顾,gù,頁,雇,从頁雇聲,還視也。从頁雇聲。
1798,顿,dùn,頁,屯,从頁屯聲,下首也。从頁屯聲。
1799,颁,bān,頁,分,从頁分聲,大頭也。从頁分聲。一曰鬢也。《詩》曰：“有頒其首。”
1800,颂,róng,頁,公,从頁公聲,皃也。从頁公聲。
1801,饿,è,食,我,从食我聲,飢也。从食我聲。
1802,骊,lí,馬,麗,从馬麗聲,馬深黑色。从馬麗聲。
1803,骋,chěng,馬,甹,从馬甹聲,直馳也。从馬甹聲。
1804,验,yàn,馬,僉,从馬僉聲,馬名。从馬僉聲。
1805,骏,jùn,馬,夋,从馬夋聲,馬之良材者。从馬夋聲。
1806,鸪,gū,鳥,古,从鳥古聲,鷓鴣也。从鳥古聲。
1807,鸭,yā,鳥,甲,从鳥甲聲,鶩也。俗謂之鴨。从鳥甲聲。
1808,鸯,yāng,鳥,央,从鳥央聲,鴛鴦也。从鳥央聲。
1809,鸲,qú,鳥,句,从鳥句聲,鴝鵒也。从鳥句聲。
1810,鸳,yuān,鳥,夗,从鳥夗聲,鴛鴦也。从鳥夗聲。
1811,龛,kān,龍,合,从龍合聲,龍皃。从龍合聲。
1812,偃,yǎn,人,匽,从人匽聲,僵也。从人匽聲。
1813,假,jiǎ,人,叚,从人叚聲,非眞也。从人叚聲。一曰至也。《虞書》曰：“假于上下。”
1814,偏,piān,人,扁,从人扁聲,頗也。从人扁聲。
1815,偕,xié,人,皆,从人皆聲,彊也。从人皆聲。《詩》曰：“偕偕士子。”一曰俱也。
1816,停,tíng,人,亭,从人亭聲,止也。从人亭聲。
1817,偶,ǒu,人,禺,从人禺聲,桐人也。从人禺聲。
1818,偻,lóu,人,婁,从人婁聲,尫也。从人婁聲。周公韈僂，或言背僂。
1819,偾,fèn,人,賁,从人賁聲,僵也。从人賁聲。
1820,偿,cháng,人,賞,从人賞聲,還也。从人賞聲。
1821,傀,guī,人,鬼,从人鬼聲,偉也。从人鬼聲。《周禮》曰：“大傀異。”
1822,冕,miǎn,冃,免,从冃免聲,大夫以上冠也。邃延、垂瑬、紞纊。从冃免聲。古者黃帝初作冕。
1823,减,jiǎn,水,咸,从水咸聲,損也。从水咸聲。
1824,凑,còu,水,奏,从水奏聲,水上人所會也。从水奏聲。
1825,剪,jiǎn,刀,歬,从刀歬聲,齊斷也。从刀歬聲。
1826,副,pì,刀,畐,从刀畐聲,判也。从刀畐聲。《周禮》曰：“副辜祭。”
1827,勒,lè,革,力,从革力聲,馬頭絡銜也。从革力聲。
1828,勖,xù,力,冒,”从力冒聲,勉也。《周書》曰：“勖哉，夫子！”从力冒聲。
1829,勘,kàn,力,甚,从力甚聲,校也。从力甚聲。
1830,匏,páo,包,夸,从包，从夸聲,瓠也。从包，从夸聲。包，取其可包藏物也。
1831,匐,fú,勹,畐,从勹畐聲,伏地也。从勹畐聲。
1832,匙,chí,匕,是,从匕是聲,匕也。从匕是聲。
1833,匮,guì,匚,貴,从匚貴聲,匣也。从匚貴聲。
1834,厢,xiāng,广,相,从广相聲,廊也。从广相聲。
1835,唪,běng,口,奉,从口奉聲,大笑也。从口奉聲。讀若《詩》曰“瓜瓞菶菶”。
1836,售,shòu,口,雔,从口，雔省聲,賣去手也。从口，雔省聲。《詩》曰：“賈用不售”。
1837,唯,wěi,口,隹,从口隹聲,諾也。从口隹聲。
1838,唱,chàng,口,昌,从口昌聲,導也。从口昌聲。
1839,唳,lì,口,戾,从口戾聲,鶴鳴也。从口戾聲。
1840,唾,tuò,口,𡍮,从口𡍮聲,口液也。从口𡍮聲。
1841,啁,zhāo,口,周,从口周聲,啁，嘐也。从口周聲。
1842,啄,zhuó,口,豖,从口豖聲,鳥食也。从口豖聲。
1843,商,shāng,㕯,章,从㕯，章省聲,从外知内也。从㕯，章省聲。
1844,啐,cuì,口,卒,从口卒聲,驚也。从口卒聲。
1845,啖,dàn,口,炎,从口炎聲,噍啖也。从口炎聲。一曰噉。
1846,啜,chuò,口,叕,从口叕聲,嘗也。从口叕聲。一曰喙也。
1847,啧,zé,口,責,从口責聲,大呼也。从口責聲。
1848,啮,niè,齒,㓞,从齒㓞聲,噬也。从齒㓞聲。
1849,啸,xiào,口,肅,从口肅聲,吹聲也。从口肅聲。
1850,圈,juàn,囗,卷,从囗卷聲,養畜之閑也。从囗卷聲。
1851,埤,pí,土,卑,从土卑聲,增也。从土卑聲。
1852,埴,zhí,土,直,从土直聲,黏土也。从土直聲。
1853,埸,yì,土,易,从土易聲,疆也。从土易聲。
1854,培,péi,土,咅,从土咅聲,培敦。土田山川也。从土咅聲。
1855,基,jī,土,其,从土其聲,牆始也。从土其聲。
1856,堀,kū,土,屈,从土屈聲,兔堀也。从土屈聲。
1857,堂,táng,土,尚,从土尚聲,殿也。从土尚聲。
1858,堋,bèng,土,朋,从土朋聲,喪葬下土也。从土朋聲。《春秋傳》曰：“朝而堋。”《禮》謂之封，《周官》謂之窆。《虞書》曰：“堋淫于家。”
1859,堑,qiàn,土,斬,从土斬聲,阬也。一曰大也。从土斬聲。
1860,堵,dǔ,土,者,从土者聲,垣也。五版爲一堵。从土者聲。
1861,奢,shē,奢,者,从大者聲,張也。从大者聲。凡奢之屬皆从奢。
1862,娶,qǔ,女,取,从女从取，取亦聲,取婦也。从女从取，取亦聲。
1863,婉,wǎn,女,宛,从女宛聲,順也。从女宛聲。《春秋傳》曰：“太子痤婉。”
1864,婕,jié,女,疌,从女疌聲,女字也。从女疌聲。
1865,婚,hūn,女,昏,从女从昏，昏亦聲,婦家也。《禮》：娶婦以昏時，婦人陰也，故曰婚。从女从昏，昏亦聲。
1866,婢,bì,女,卑,从女从卑，卑亦聲,女之卑者也。从女从卑，卑亦聲。
1867,婧,jìng,女,青,从女青聲,竦立也。从女青聲。一曰有才也。讀若韭菁。
1868,婪,lán,女,林,从女林聲,貪也。从女林聲。杜林說：卜者黨相詐驗爲婪。讀若潭。
1869,婵,chán,女,單,从女單聲,嬋娟，態也。从女單聲。
1870,宿,sù,宀,𠈇,从宀𠈇聲,止也。从宀𠈇聲。𠈇，古文夙。
1871,寄,jì,宀,奇,从宀奇聲,託也。从宀奇聲。
1872,密,mì,山,宓,从山宓聲,山如堂者。从山宓聲。
1873,屠,tú,尸,者,从尸者聲,刳也。从尸者聲。
1874,崇,chóng,山,宗,从山宗聲,嵬高也。从山宗聲。
1875,崔,cuī,山,隹,从山隹聲,大高也。从山隹聲。
1876,崖,yá,屵,圭,从屵圭聲,高邊也。从屵圭聲。
1877,崛,jué,山,屈,从山屈聲,山短高也。从山屈聲。
1878,崞,guō,山,𩫖,从山𩫖聲,山，在鴈門。从山𩫖聲。
1879,帷,wéi,巾,隹,从巾隹聲,在㫄曰帷。从巾隹聲。
1880,常,cháng,巾,尚,从巾尚聲,下帬也。从巾尚聲。
1881,帻,zé,巾,責,从巾責聲,髮有巾曰幘。从巾責聲。
1882,帼,guó,巾,國,从巾國聲,婦人首飾。从巾國聲。
1883,庳,bì,广,卑,从广卑聲,中伏舍。从广卑聲。一曰屋庳。或讀若逋。
1884,庾,yǔ,广,臾,从广臾聲,水槽倉也。从广臾聲。一曰倉無屋者。
1885,廊,láng,广,郎,从广郎聲,東西序也。从广郎聲。《漢書》通用郎。
1886,弹,dàn,弓,單,从弓單聲,行丸也。从弓單聲。
1887,彩,cǎi,彡,采,从彡采聲,文章也。从彡采聲。
1888,得,dé,彳,㝵,从彳㝵聲,行有所得也。从彳㝵聲。
1889,悠,yōu,心,攸,从心攸聲,憂也。从心攸聲。
1890,患,huàn,心,吅,从心上貫吅，吅亦聲,憂也。从心上貫吅，吅亦聲。
1891,悫,què,心,𣪊,从心𣪊聲,謹也。从心𣪊聲。
1892,悱,fěi,心,非,从心非聲,口悱悱也。从心非聲。
1893,悴,cuì,心,卒,从心卒聲,憂也。从心卒聲。讀與《易》萃卦同。
1894,悸,jì,心,季,从心季聲,心動也。从心季聲。
1895,悼,dào,心,卓,从心卓聲,懼也。陳楚謂懼曰悼。从心卓聲。
1896,情,qíng,心,青,从心青聲,人之陰气有欲者。从心青聲。
1897,惆,chóu,心,周,从心周聲,失意也。从心周聲。
1898,惊,jīng,馬,敬,从馬敬聲,馬駭也。从馬敬聲。
1899,惕,tì,心,易,从心易聲,敬也。从心易聲。
1900,惜,xī,心,㫺,从心㫺聲,痛也。从心㫺聲。
1901,惟,wéi,心,隹,从心隹聲,凡思也。从心隹聲。
1902,惧,jù,心,瞿,从心瞿聲,恐也。从心瞿聲。
1903,惨,cǎn,心,參,从心參聲,毒也。从心參聲。
1904,惮,dàn,心,單,从心單聲,忌難也。从心單聲。一曰難也。
1905,戚,qī,戉,尗,从戉尗聲,戉也。从戉尗聲。
1906,扈,hù,邑,戶,从邑戶聲,夏后同姓所封，戰於甘者。在鄠，有扈谷、甘亭。从邑戶聲。
1907,捭,bǎi,手,卑,从手卑聲,兩手擊也。从手卑聲。
1908,据,jū,手,居,从手居聲,𢧢挶也。从手居聲。
1909,捶,chuí,手,垂,从手垂聲,以杖擊也。从手垂聲。
1910,捷,jié,手,疌,从手疌聲,獵也。軍獲得也。从手疌聲。《春秋傳》曰：“齊人來獻戎捷。”
1911,捻,niē,手,念,从手念聲,指捻也。从手念聲。
1912,掀,xiān,手,欣,从手欣聲,舉出也。从手欣聲。《春秋傳》曰：“掀公出於淖。”
1913,掇,duó,手,叕,从手叕聲,拾取也。从手叕聲。
1914,授,shòu,手,受,从手从受，受亦聲,予也。从手从受，受亦聲。
1915,掉,diào,手,卓,从手卓聲,搖也。从手卓聲。《春秋傳》曰：“尾大不掉。”
1916,掊,póu,手,咅,从手咅聲,把也。今鹽官入水取鹽爲掊。从手咅聲。
1917,掎,jǐ,手,奇,从手奇聲,偏引也。从手奇聲。
1918,掐,qiā,手,臽,从手臽聲,爪刺也。从手臽聲。
1919,排,pái,手,非,从手非聲,擠也。从手非聲。
1920,掖,yè,手,夜,从手夜聲,以手持人臂投地也。从手夜聲。一曰臂下也。
1921,掘,jué,手,屈,从手屈聲,搰也。从手屈聲。
1922,掠,lüè,手,京,从手京聲,奪取也。从手京聲。本音亮。《唐韻》或作擽。
1923,探,tān,手,罙,从手罙聲,遠取之也。从手罙聲。
1924,接,jiē,手,妾,从手妾聲,交也。从手妾聲。
1925,控,kòng,手,空,从手空聲,引也。从手空聲。《詩》曰：“控于大邦。”匈奴名引弓控弦。
1926,推,tuī,手,隹,从手隹聲,排也。从手隹聲。
1927,掩,yǎn,手,奄,从手奄聲,斂也。小上曰掩。从手奄聲。
1928,措,cuò,手,昔,从手昔聲,置也。从手昔聲。
1929,掸,dàn,手,單,从手單聲,提持也。从手單聲。讀若行遟驒驒。
1930,掼,guàn,手,貫,从手貫聲,習也。从手貫聲。《春秋傳》曰：“摜瀆鬼神。”
1931,敏,mǐn,攴,每,从攴每聲,疾也。从攴每聲。
1932,救,jiù,攴,求,从攴求聲,止也。从攴求聲。
1933,敕,chì,攴,束,从攴束聲,誡也。臿地曰敕。从攴束聲。
1934,敛,liǎn,攴,僉,从攴僉聲,收也。从攴僉聲。
1935,敝,bì,㡀,㡀,从攴从㡀，㡀亦聲,帗也。一曰敗衣。从攴从㡀，㡀亦聲。
1936,斛,hú,斗,角,从斗角聲,十斗也。从斗角聲。
1937,斜,xié,斗,余,从斗余聲,杼也。从斗余聲。讀若荼。
1938,旌,jīng,㫃,生,从㫃生聲,游車載旌，析羽注旄首，所以精進士卒。从㫃生聲。
1939,晤,wù,日,吾,从日吾聲,明也。从日吾聲。《詩》曰：“晤辟有摽。”
1940,晦,huì,日,每,从日每聲,月盡也。从日每聲。
1941,曼,màn,又,冒,从又冒聲,引也。从又冒聲。
1942,望,wàng,亾,朢,从亾，朢省聲,出亡在外，望其還也。从亾，朢省聲。
1943,桴,fú,木,孚,从木孚聲,棟名。从木孚聲。
1944,桶,tǒng,木,甬,从木甬聲,木方，受六升。从木甬聲。
1945,桷,jué,木,角,从木角聲,榱也。椽方曰桷。从木角聲。《春秋傳》曰：“刻桓宫之桷。”
1946,梁,liáng,木,刅,从木从水，刅聲,水橋也。从木从水，刅聲。
1947,梅,méi,木,每,从木每聲,枏也。可食。从木每聲。
1948,梏,gù,木,告,从木告聲,手械也。从木告聲。
1949,梓,zǐ,木,宰,从木，宰省聲,楸也。从木，宰省聲。
1950,梗,gěng,木,更,从木更聲,山枌榆。有朿，莢可爲蕪夷者。从木更聲。
1951,梦,méng,夕,瞢,从夕，瞢省聲,不明也。从夕，瞢省聲。
1952,梭,xùn,木,夋,从木夋聲,木也。从木夋聲。
1953,梯,tī,木,弟,从木弟聲,木階也。从木弟聲。
1954,械,xiè,木,戒,从木戒聲,桎梏也。从木戒聲。一曰器之緫名。一曰持也。一曰有盛爲械，無盛爲器。
1955,梳,shū,木,疏,从木，疏省聲,理髮也。从木，疏省聲。
1956,检,jiǎn,木,僉,从木僉聲,書署也。从木僉聲。
1957,欲,yù,欠,谷,从欠谷聲,貪欲也。从欠谷聲。
1958,欷,xī,欠,稀,从欠，稀省聲,歔也。从欠，稀省聲。
1959,涪,fú,水,咅,从水咅聲,水。出廣漢剛邑道徼外，南入漢。从水咅聲。
1960,涫,guàn,水,官,从水官聲,𩰾也。从水官聲。酒泉有樂涫縣。
1961,涯,yá,水,厓,从水从厓，厓亦聲,水邊也。从水从厓，厓亦聲。
1962,液,yè,水,夜,从水夜聲,𧗁也。从水夜聲。
1963,涸,hé,水,固,从水固聲,渴也。从水固聲。讀若狐貈之貈。
1964,涿,zhuó,水,豖,从水豖聲,流下滴也。从水豖聲。上谷有涿縣。
1965,淀,diàn,水,殿,从水殿聲,滓滋也。从水殿聲。
1966,淅,xī,水,析,从水析聲,汏米也。从水析聲。
1967,淇,qí,水,其,从水其聲,水。出河内共北山，東入河。或曰出隆慮西山。从水其聲。
1968,淋,lín,水,林,从水林聲,以水𣵽也。从水林聲。一曰淋淋，山下水皃。
1969,淑,shū,水,叔,从水叔聲,清湛也。从水叔聲。
1970,淖,nào,水,卓,从水卓聲,泥也。从水卓聲。
1971,淙,cóng,水,宗,从水宗聲,水聲也。从水宗聲。
1972,淠,pèi,水,𢌿,从水𢌿聲,水。出汝南弋陽垂山，東入淮。从水𢌿聲。
1973,淡,dàn,水,炎,从水炎聲,薄味也。从水炎聲。
1974,淤,yū,水,於,从水於聲,澱滓，濁泥。从水於聲。
1975,淦,gàn,水,金,从水金聲,水入船中也。一曰泥也。从水金聲。
1976,淫,yín,水,㸒,从水㸒聲,侵淫隨理也。从水㸒聲。一曰久雨爲淫。
1977,淬,cuì,水,卒,从水卒聲,滅火器也。从水卒聲。
1978,淮,huái,水,隹,从水隹聲,水。出南陽平氏桐柏大復山，東南入海。从水隹聲。
1979,深,shēn,水,罙,从水罙聲,水。出桂陽南平，西入營道。从水罙聲。
1980,淳,chún,水,𦎫,从水𦎫聲,渌也。从水𦎫聲。
1981,混,hùn,水,昆,从水昆聲,豐流也。从水昆聲。
1982,淹,yān,水,奄,从水奄聲,水。出越巂徼外，東入若水。从水奄聲。
1983,清,qīng,水,青,从水青聲,朖也。澂水之皃。从水青聲。
1984,渍,zì,水,責,从水責聲,漚也。从水責聲。
1985,渎,dú,水,賣,从水賣聲,溝也。从水賣聲。一曰邑中溝。
1986,渐,jiàn,水,斬,从水斬聲,水。出丹陽黟南蠻中，東入海。从水斬聲。
1987,渗,shèn,水,參,从水參聲,下漉也。从水參聲。
1988,渚,zhǔ,水,者,从水者聲,水。在常山中丘逢山，東入湡。从水者聲。《爾雅》曰：“小洲曰渚。”
1989,渠,qú,水,榘,从水，榘省聲,水所居。从水，榘省聲。
1990,焕,huàn,火,奐,从火奐聲,火光也。从火奐聲。
1991,牿,gù,牛,告,从牛告聲,牛馬牢也。从牛告聲。《周書》曰：“今惟牿牛馬。”
1992,猎,liè,犬,巤,从犬巤聲,放獵逐禽也。从犬巤聲。
1993,猗,yī,犬,奇,从犬奇聲,犗犬也。从犬奇聲。
1994,猛,měng,犬,孟,从犬孟聲,健犬也。从犬孟聲。
1995,猜,cāi,犬,青,从犬青聲,恨賊也。从犬青聲。
1996,猝,cù,犬,卒,从犬卒聲,犬从艸暴出逐人也。从犬卒聲。
1997,猪,zhū,豕,者,从豕者聲,豕而三毛叢居者。从豕者聲。
1998,猫,māo,豸,苗,从豸苗聲,貍屬。从豸苗聲。
1999,球,qiú,玉,求,从玉求聲,玉聲也。从玉求聲。
2000,琅,láng,玉,良,从玉良聲,琅玕，似珠者。从玉良聲。
2001,理,lǐ,玉,里,从玉里聲,治玉也。从玉里聲。
2002,琐,suǒ,玉,𧴪,从玉𧴪聲,玉聲也。从玉𧴪聲。
2003,瓠,hù,瓠,夸,从瓜夸聲,匏也。从瓜夸聲。凡瓠之屬皆从瓠。
2004,略,lüè,田,各,从田各聲,經略土地也。从田各聲。
2005,畦,qí,田,圭,从田圭聲,田五十畝曰畦。从田圭聲。
2006,疵,cī,疒,此,从疒此聲,病也。从疒此聲。
2007,痍,yí,疒,夷,从疒夷聲,傷也。从疒夷聲。
2008,痒,yáng,疒,羊,从疒羊聲,瘍也。从疒羊聲。
2009,痔,zhì,疒,寺,从疒寺聲,後病也。从疒寺聲。
2010,痕,hén,疒,艮,从疒艮聲,胝瘢也。从疒艮聲。
2011,皎,jiǎo,白,交,从白交聲,月之白也。从白交聲。《詩》曰：“月出皎兮。”
2012,皑,ái,白,豈,从白豈聲,霜雪之白也。从白豈聲。
2013,皲,jūn,皮,軍,从皮軍聲,足坼也。从皮軍聲。
2014,盛,chéng,皿,成,从皿成聲,黍稷在器中以祀者也。从皿成聲。
2015,眦,zì,目,此,从目此聲,目匡也。从目此聲。
2016,眭,huī,目,圭,从目圭聲,深目也。亦人姓。从目圭聲。
2017,眯,mǐ,目,米,从目米聲,艸入目中也。从目米聲。
2018,眵,chī,目,多,从目多聲,目傷眥也。从目多聲。一曰瞢兜。
2019,眷,juàn,目,𢍏,从目𢍏聲,顧也。从目𢍏聲。《詩》曰：“乃眷西顧。”
2020,眸,móu,目,牟,从目牟聲,目童子也。从目牟聲。《說文》直作牟。
2021,眺,tiào,目,兆,从目兆聲,目不正也。从目兆聲。
2022,眼,yǎn,目,𥃩,从目𥃩聲,目也。从目𥃩聲。
2023,矫,jiǎo,矢,喬,从矢喬聲,揉箭箝也。从矢喬聲。
2024,硕,shuò,頁,石,从頁石聲,頭大也。从頁石聲。
2025,硗,qiāo,石,堯,从石堯聲,礊石也。从石堯聲。
2026,祷,dǎo,示,壽,从示壽聲,告事求福也。从示壽聲。
2027,祸,huò,示,咼,从示咼聲,害也，神不福也。从示咼聲。
2028,移,yí,禾,多,从禾多聲,禾相倚移也。从禾多聲。一曰禾名。
2029,窑,yáo,穴,羔,从穴羔聲,燒瓦竈也。从穴羔聲。
2030,窒,zhì,穴,至,从穴至聲,塞也。从穴至聲。
2031,窕,tiǎo,穴,兆,从穴兆聲,深肆極也。从穴兆聲。讀若挑。
2032,笙,shēng,竹,生,从竹生聲,十三簧。象鳳之身也。笙，正月之音。物生，故謂之笙。大者謂之巢，小者謂之和。从竹生聲。古者隨作笙。
2033,笛,dí,竹,由,从竹由聲,七孔筩也。从竹由聲。羌笛三孔。
2034,笞,chī,竹,台,从竹台聲,擊也。从竹台聲。
2035,笠,lì,竹,立,从竹立聲,簦無柄也。从竹立聲。
2036,笥,sì,竹,司,从竹司聲,飯及衣之器也。从竹司聲。
2037,符,fú,竹,付,从竹付聲,信也。漢制以竹，長六寸，分而相合。从竹付聲。
2038,笨,bèn,竹,本,从竹本聲,竹裏也。从竹本聲。
2039,笪,dá,竹,旦,从竹旦聲,笞也。从竹旦聲。
2040,笮,zé,竹,乍,从竹乍聲,迫也。在瓦之下，棼上。从竹乍聲。
2041,笱,gǒu,句,句,从竹从句，句亦聲,曲竹捕魚笱也。从竹从句，句亦聲。
2042,笺,jiān,竹,戔,从竹戔聲,表識書也。从竹戔聲。
2043,笼,lóng,竹,龍,从竹龍聲,舉土器也。一曰笭也。从竹龍聲。
2044,粒,lì,米,立,从米立聲,糂也。从米立聲。
2045,粕,pò,米,白,从米白聲,糟粕，酒滓也。从米白聲。
2046,粗,cū,米,且,从米且聲,疏也。从米且聲。
2047,粜,tiào,出,䊮,从出从䊮，䊮亦聲,出穀也。从出从䊮，䊮亦聲。
2048,累,léi,糸,畾,从糸畾聲,綴得理也。一曰大索也。从糸畾聲。
2049,绩,jī,糸,責,从糸責聲,緝也。从糸責聲。
2050,绪,xù,糸,者,从糸者聲,絲耑也。从糸者聲。
2051,绫,líng,糸,夌,从糸夌聲,東齊謂布帛之細曰綾。从糸夌聲。
2052,续,xù,糸,賣,从糸賣聲,連也。从糸賣聲。
2053,绮,qǐ,糸,奇,从糸奇聲,文繒也。从糸奇聲。
2054,绯,fēi,糸,非,从糸非聲,帛赤色也。从糸非聲。
2055,绲,gǔn,糸,昆,从系昆聲,織帶也。从系昆聲。
2056,绳,shéng,糸,蠅,从糸，蠅省聲,索也。从糸，蠅省聲。
2057,维,wéi,糸,隹,从糸隹聲,車蓋維也。从糸隹聲。
2058,绶,shòu,糸,受,从糸受聲,韍維也。从糸受聲。
2059,绷,bēng,糸,崩,从糸崩聲,束也。从糸崩聲。《墨子》曰：“禹葬會稽，桐棺三寸，葛以繃之。”
2060,绸,chóu,糸,周,从糸周聲,繆也。从糸周聲。
2061,绺,liǔ,糸,咎,从糸咎聲,緯十縷爲綹。从糸咎聲。讀若柳。
2062,绻,quǎn,糸,卷,从糸卷聲,繾綣也。从糸卷聲。
2063,综,zòng,糸,宗,从糸宗聲,機縷也。从糸宗聲。
2064,绾,wǎn,糸,官,从糸官聲,惡也，絳也。从糸官聲。一曰綃也。讀若雞卵。
2065,绿,lǜ,糸,彔,从糸彔聲,帛青黃色也。从糸彔聲。
2066,缁,zī,糸,甾,从糸甾聲,帛黑色。从糸甾聲。
2067,羝,dī,羊,氐,从羊氐聲,牡羊也。从羊氐聲。
2068,羟,qiān,羊,巠,从羊巠聲,羊名。从羊巠聲。
2069,翊,yì,羽,立,从羽立聲,飛㒵。从羽立聲。
2070,翎,líng,羽,令,从羽令聲,羽也。从羽令聲。
2071,聆,líng,耳,令,从耳令聲,聽也。从耳令聲。
2072,聊,liáo,耳,卯,从耳卯聲,耳鳴也。从耳卯聲。
2073,聋,lóng,耳,龍,从耳龍聲,無聞也。从耳龍聲。
2074,职,zhí,耳,戠,从耳戠聲,記微也。从耳戠聲。
2075,脘,wǎn,肉,完,从肉完聲,胃府也。从肉完聲。讀若患。舊云脯。
2076,脚,jiǎo,肉,卻,从肉卻聲,脛也。从肉卻聲。
2077,脬,pāo,肉,孚,从肉孚聲,𦜶光也。从肉孚聲。
2078,脯,fǔ,肉,甫,从肉甫聲,乾肉也。从肉甫聲。
2079,脱,tuō,肉,兌,从肉兌聲,消肉臞也。从肉兌聲。
2080,舳,zhú,舟,由,从舟由聲,艫也。从舟由聲。漢律名船方長爲舳艫。一曰舟尾。
2081,舸,gě,舟,可,从舟可聲,舟也。从舟可聲。
2082,船,chuán,舟,鉛,从舟，鉛省聲,舟也。从舟，鉛省聲。
2083,舻,lú,舟,盧,从舟盧聲,舳艫也。一曰船頭。从舟盧聲。
2084,艴,bó,色,弗,从色弗聲,色艴如也。从色弗聲。《論語》曰：“色艴如也。”
2085,菀,wǎn,艸,宛,从艸宛聲,茈菀，出漢中房陵。从艸宛聲。
2086,菁,jīng,艸,青,从艸青聲,韭華也。从艸青聲。
2087,菅,jiān,艸,官,从艸官聲,茅也。从艸官聲。
2088,菊,jú,艸,匊,从艸匊聲,大菊，蘧麥。从艸匊聲。
2089,菌,jùn,艸,囷,从艸囷聲,地蕈也。从艸囷聲。
2090,菏,gē,水,苛,”从水苛聲,菏澤水。在山陽胡陵。《禹貢》：“浮于淮泗，達于菏。”从水苛聲。
2091,菔,fú,艸,服,从艸服聲,蘆菔。似蕪菁，實如小尗者。从艸服聲。
2092,菜,cài,艸,采,从艸采聲,艸之可食者。从艸采聲。
2093,菩,bèi,艸,咅,从艸咅聲,艸也。从艸咅聲。
2094,菲,fěi,艸,非,从艸非聲,芴也。从艸非聲。
2095,菸,yū,艸,於,从艸於聲,鬱也。从艸於聲。一曰𣨙也。
2096,菹,zū,艸,沮,从艸沮聲,酢菜也。从艸沮聲。
2097,萁,qí,艸,其,从艸其聲,豆莖也。从艸其聲。
2098,萃,cuì,艸,卒,从艸卒聲,艸皃。从艸卒聲。讀若瘁。
2099,萄,táo,艸,匋,从艸匋聲,艸也。从艸匋聲。
2100,萆,pì,艸,卑,从艸卑聲,雨衣。一曰衰衣。从艸卑聲。一曰萆藨，似烏韭。
2101,萋,qī,艸,妻,从艸妻聲,艸盛。从艸妻聲。《詩》曰：“菶菶萋萋。”
2102,萌,méng,艸,明,从艸明聲,艸芽也。从艸明聲。
2103,萍,píng,水,苹,从水、苹，苹亦聲,苹也。水艸也。从水、苹，苹亦聲。
2104,萎,wèi,艸,委,从艸委聲,食牛也。从艸委聲。
2105,萑,zhuī,艸,隹,从艸隹聲,艸多皃。从艸隹聲。
2106,萝,luó,艸,羅,从艸羅聲,莪也。从艸羅聲。
2107,营,yíng,宮,熒,从宮，熒省聲,市居也。从宮，熒省聲。
2108,萦,yíng,糸,熒,从糸，熒省聲,收韏也。从糸，熒省聲。
2109,萧,xiāo,艸,肅,从艸肅聲,艾蒿也。从艸肅聲。
2110,萸,yú,艸,臾,从艸臾聲,茱萸也。从艸臾聲。
2111,虚,xū,丘,虍,从丘虍聲,大丘也。崐崘丘謂之崐崘虛。古者九夫爲井，四井爲邑，四邑爲丘。丘謂之虛。从丘虍聲。
2112,蛄,gū,虫,古,从虫古聲,螻蛄也。从虫古聲。
2113,蛉,líng,虫,令,从虫令聲,蜻蛉也。从虫令聲。一名桑桹。
2114,衅,xìn,爨,分,从分，分亦聲,血祭也。象祭竈也。从爨省，从酉。酉，所以祭也。从分，分亦聲。
2115,袤,mào,衣,矛,从衣矛聲,衣帶以上。从衣矛聲。一曰南北曰袤，東西曰廣。
2116,袭,xí,衣,龖,从衣，龖省聲,左衽袍。从衣，龖省聲。
2117,袷,jiā,衣,合,从衣合聲,衣無絮。从衣合聲。
2118,谋,móu,言,某,从言某聲,慮難曰謀。从言某聲。
2119,谌,chén,言,甚,从言甚聲,誠諦也。从言甚聲。《詩》曰：“天難諶斯。”
2120,谍,dié,言,枼,从言枼聲,軍中反閒也。从言枼聲。
2121,谏,jiàn,言,柬,从言柬聲,証也。从言柬聲。
2122,谐,xié,言,皆,从言皆聲,詥也。从言皆聲。
2123,谑,xuè,言,虐,从言虐聲,戲也。从言虐聲。《詩》曰：“善戲謔兮。”
2124,谒,yè,言,曷,从言曷聲,白也。从言曷聲。
2125,谓,wèi,言,胃,从言胃聲,報也。从言胃聲。
2126,谕,yù,言,俞,从言俞聲,告也。从言俞聲。
2127,谖,xuān,言,爰,从言爰聲,詐也。从言爰聲。
2128,谗,chán,言,毚,从言毚聲,譖也。从言毚聲。
2129,谙,ān,言,音,从言音聲,悉也。从言音聲。
2130,谚,yàn,言,彥,从言彥聲,傳言也。从言彥聲。
2131,谛,dì,言,帝,从言帝聲,審也。从言帝聲。
2132,谜,mí,言,迷,从言、迷，迷亦聲,隱語也。从言、迷，迷亦聲。
2133,谝,piǎn,言,扁,从言扁聲,便巧言也。从言扁聲。《周書》曰：“𢧵𢧵善諞言。”《論語》曰：“友諞佞。”
2134,赇,qiú,貝,求,从貝求聲,以財物枉法相謝也。从貝求聲。一曰戴質也。
2135,赈,zhèn,貝,辰,从貝辰聲,富也。从貝辰聲。
2136,赉,lài,貝,來,从貝來聲,賜也。从貝來聲。《周書》曰：“賚尒秬鬯。”
2137,赦,shè,攴,赤,从攴赤聲,置也。从攴赤聲。
2138,赧,nǎn,赤,𠬝,从赤𠬝聲,面慙赤也。从赤𠬝聲。周失天下於赧王。
2139,趼,yàn,足,幵,从足幵聲,獸足企也。从足幵聲。
2140,跃,yuè,足,翟,从足翟聲,迅也。从足翟聲。
2141,跄,qiāng,足,倉,从足倉聲,動也。从足倉聲。
2142,距,jù,足,巨,从足巨聲,雞距也。从足巨聲。
2143,躯,qū,身,區,从身區聲,體也。从身區聲。
2144,辄,zhé,車,𦔮,从車𦔮聲,車兩輢也。从車𦔮聲。
2145,辅,fǔ,車,甫,从車甫聲,人頰車也。从車甫聲。
2146,逭,huàn,辵,官,从辵官聲,逃也。从辵官聲。
2147,逮,dài,辵,隶,从辵隶聲,唐逮，及也。从辵隶聲。
2148,逯,lù,辵,录,从辵录聲,行謹逯逯也。从辵录聲。
2149,逶,wēi,辵,委,从辵委聲,逶迆，衺去之皃。从辵委聲。
2150,逻,luó,辵,羅,从辵羅聲,巡也。从辵羅聲。
2151,郾,yǎn,邑,匽,从邑匽聲,潁川縣。从邑匽聲。
2152,鄂,è,邑,㖾,从邑㖾聲,江夏縣。从邑㖾聲。
2153,鄄,juàn,邑,垔,从邑垔聲,衞地。今濟陰鄄城。从邑垔聲。
2154,酝,yùn,酉,𥁕,从酉𥁕聲,釀也。从酉𥁕聲。
2155,野,yě,里,予,从里予聲,郊外也。从里予聲。
2156,铗,jiá,金,夾,从金夾聲,可以持冶器鑄鎔者。从金夾聲。讀若漁人莢魚之莢。一曰若挾持。
2157,铙,náo,金,堯,从金堯聲,小鉦也。軍法：卒長執鐃。从金堯聲。
2158,铛,dāng,金,當,从金當聲,鋃鏜也。从金當聲。
2159,铜,tóng,金,同,从金同聲,赤金也。从金同聲。
2160,铠,kǎi,金,豈,从金豈聲,甲也。从金豈聲。
2161,铢,zhū,金,朱,从金朱聲,權十分黍之重也。从金朱聲。
2162,铣,xiǎn,金,先,从金先聲,金之澤者。一曰小鑿。一曰鐘兩角謂之銑。从金先聲。
2163,铤,dìng,金,廷,从金廷聲,銅𨮯樸也。从金廷聲。
2164,铨,quán,金,全,从金全聲,衡也。从金全聲。
2165,铩,shā,金,殺,从金殺聲,鈹有鐸也。从金殺聲。
2166,铫,yáo,金,兆,从金兆聲,温器也。一曰田器。从金兆聲。
2167,铬,luò,金,各,从金各聲,𩮜也。从金各聲。
2168,铭,míng,金,名,从金名聲,記也。从金名聲。
2169,铮,zhēng,金,爭,从金爭聲,金聲也。从金爭聲。
2170,铲,chǎn,金,産,从金産聲,鏶也。一曰平𨮯。从金産聲。
2171,银,yín,金,艮,从金艮聲,白金也。从金艮聲。
2172,阈,yù,門,或,从門或聲,門榍也。从門或聲。《論語》曰：“行不履閾。”
2173,阉,yān,門,奄,从門奄聲,豎也。宮中奄閽閉門者。从門奄聲。
2174,阊,chāng,門,昌,从門昌聲,天門也。从門昌聲。楚人名門曰閶闔。
2175,阍,hūn,門,昏,从門从昏，昏亦聲,常以昏閉門隸也。从門从昏，昏亦聲。
2176,阎,yán,門,臽,从門臽聲,里中門也。从門臽聲。
2177,阏,è,門,於,从門於聲,遮𢹬也。从門於聲。
2178,阐,chǎn,門,單,从門單聲,開也。从門單聲。《易》曰：“闡幽。”
2179,隅,yú,𨸏,禺,从𨸏禺聲,陬也。从𨸏禺聲。
2180,隈,wēi,𨸏,畏,从𨸏畏聲,水曲，隩也。从𨸏畏聲。
2181,隍,huáng,𨸏,皇,从𨸏皇聲,城池也。有水曰池，無水曰隍。从𨸏皇聲。《易》曰：“城復于隍。”
2182,随,suí,辵,𡐦,从辵，𡐦省聲,从也。从辵，𡐦省聲。
2183,隐,yǐn,𨸏,㥯,从𨸏㥯聲,蔽也。从𨸏㥯聲。
2184,隗,wěi,𨸏,鬼,从𨸏鬼聲,陮隗也。从𨸏鬼聲。
2185,雩,yú,雨,于,从雨于聲,夏祭，樂于赤帝，以祈甘雨也。从雨于聲。
2186,颅,lú,頁,盧,从頁盧聲,𩑒顱，首骨也。从頁盧聲。
2187,领,lǐng,頁,令,从頁令聲,項也。从頁令聲。
2188,颇,pō,頁,皮,从頁皮聲,頭偏也。从頁皮聲。
2189,颈,jǐng,頁,坙,从頁坙聲,頭莖也。从頁坙聲。
2190,馆,guǎn,食,官,从食官聲,客舍也。从食官聲。《周禮》：五十里有市，市有館，館有積，以待朝聘之客。
2191,骐,qí,馬,其,从馬其聲,馬青驪，文如博棊也。从馬其聲。
2192,骑,qí,馬,奇,从馬奇聲,跨馬也。从馬奇聲。
2193,骓,zhuī,馬,隹,从馬隹聲,馬蒼黑雜毛。从馬隹聲。
2194,骖,cān,馬,參,从馬參聲,駕三馬也。从馬參聲。
2195,鸷,zhì,鳥,執,从鳥執聲,擊殺鳥也。从鳥執聲。
2196,鸹,guā,鳥,𠯑,从鳥𠯑聲,麋鴰也。从鳥𠯑聲。
2197,鸽,gē,鳥,合,从鳥合聲,鳩屬。从鳥合聲。
2198,鸾,luán,鳥,䜌,从鳥䜌聲,亦神靈之精也。赤色，五采，雞形。鳴中五音，頌聲作則至。从鳥䜌聲。周成王時氐羌獻鸞鳥。
2199,鸿,hóng,鳥,江,从鳥江聲,鴻鵠也。从鳥江聲。
2200,麸,fū,麥,夫,从麥夫聲,小麥㞕皮也。从麥夫聲。
2201,黄,huáng,黃,炗,从田从炗，炗亦聲,地之色也。从田从炗，炗亦聲。炗，古文光。凡黃之屬皆从黃。
2202,龚,gōng,共,龍,从共龍聲,給也。从共龍聲。
2203,亵,xiè,衣,埶,从衣埶聲,私服。从衣埶聲。《詩》曰：“是褻袢也。”
2204,傅,fù,人,尃,从人尃聲,相也。从人尃聲。
2205,傍,bàng,人,㫄,从人㫄聲,近也。从人㫄聲。
2206,傥,tǎng,人,黨,从人黨聲,倜儻也。从人黨聲。
2207,傧,bìn,人,賓,从人賓聲,導也。从人賓聲。
2208,储,chǔ,人,諸,从人諸聲,偫也。从人諸聲。
2209,傩,nuó,人,難,从人難聲,行人節也。从人難聲。《詩》曰：“佩玉之儺。”
2210,傲,ào,人,敖,从人敖聲,倨也。从人敖聲。
2211,凿,záo,金,𥽿,从金，𥽿省聲,穿木也。从金，𥽿省聲。
2212,割,gē,刀,害,从刀害聲,剥也。从刀害聲。
2213,募,mù,力,莫,从力莫聲,廣求也。从力莫聲。
2214,厥,jué,厂,欮,从厂欮聲,發石也。从厂欮聲。
2215,厦,xià,广,夏,从广夏聲,屋也。从广夏聲。
2216,厨,chú,广,尌,从广尌聲,庖屋也。从广尌聲。
2217,啻,chì,口,帝,从口帝聲,語時不啻也。从口帝聲。一曰啻，諟也。讀若鞮。
2218,啾,jiū,口,秋,从口秋聲,小兒聲也。从口秋聲。
2219,喁,yóng,口,禺,从口禺聲,魚口上見。从口禺聲。
2220,喈,jiē,口,皆,从口皆聲,鳥鳴聲。从口皆聲。一曰鳳皇鳴聲喈喈。
2221,喑,yīn,口,音,从口音聲,宋齊謂兒泣不止曰喑。从口音聲。
2222,喔,wō,口,屋,从口屋聲,雞聲也。从口屋聲。
2223,喘,chuǎn,口,耑,从口耑聲,疾息也。从口耑聲。
2224,喙,huì,口,彖,从口彖聲,口也。从口彖聲。
2225,喝,yè,口,曷,从口曷聲,㵣也。从口曷聲。
2226,喟,kuì,口,胃,从口胃聲,大息也。从口胃聲。
2227,喷,pēn,口,賁,从口賁聲,吒也。从口賁聲。一曰鼓鼻。
2228,喾,kù,告,學,从告，學省聲,急告之甚也。从告，學省聲。
2229,堤,dǐ,土,是,从土是聲,滯也。从土是聲。
2230,堪,kān,土,甚,从土甚聲,地突也。从土甚聲。
2231,塔,tǎ,土,荅,从土荅聲,西域浮屠也。从土荅聲。
2232,壹,yī,壹,吉,从壺吉聲,專壹也。从壺吉聲。凡壹之屬皆从壹。
2233,奥,ào,宀,𢍏,从宀𢍏聲,宛也。室之西南隅。从宀𢍏聲。
2234,婺,wù,女,敄,从女敄聲,不繇也。从女敄聲。
2235,媒,méi,女,某,从女某聲,謀也，謀合二姓。从女某聲。
2236,媚,mèi,女,眉,从女眉聲,說也。从女眉聲。
2237,媪,ǎo,女,𥁕,从女𥁕聲,女老偁也。从女𥁕聲。讀若奥。
2238,孳,zī,子,兹,从子兹聲,汲汲生也。从子兹聲。
2239,富,fù,宀,畐,从宀畐聲,備也。一曰厚也。从宀畐聲。
2240,寐,mèi,㝱,未,从㝱省，未聲,臥也。从㝱省，未聲。
2241,寓,yù,宀,禺,从宀禺聲,寄也。从宀禺聲。
2242,属,zhǔ,尾,蜀,从尾蜀聲,連也。从尾蜀聲。
2243,嵇,xí,山,稽,从山，稽省聲,山名。从山，稽省聲。奚氏避難特造此字，非古。
2244,嵌,qiān,山,歁,从山，歁省聲,山深皃。从山，歁省聲。
2245,嵘,róng,山,榮,从山榮聲,崝嶸也。从山榮聲。
2246,嵬,wéi,嵬,鬼,从山鬼聲,高不平也。从山鬼聲。凡嵬之屬皆从嵬。
2247,嵯,cuó,山,𢀩,从山𢀩聲,山皃。从山𢀩聲。
2248,巽,xùn,丌,𠨎,从丌𠨎聲,具也。从丌𠨎聲。
2249,幅,fú,巾,畐,从巾畐聲,布帛廣也。从巾畐聲。
2250,弑,shì,殺,式,”从殺省，式聲,臣殺君也。《易》曰：“臣弒其君。”从殺省，式聲。
2251,强,qiáng,虫,弘,从虫弘聲,蚚也。从虫弘聲。
2252,弼,bì,弜,㐁,从弜㐁聲,輔也。重也。从弜㐁聲。
2253,彘,zhì,彑,矢,从彑矢聲,豕也。後蹏廢謂之彘。从彑矢聲；从二匕，彘足與鹿足同。
2254,彭,péng,壴,彡,从壴彡聲,鼓聲也。从壴彡聲。
2255,循,xún,彳,盾,从彳盾聲,行順也。从彳盾聲。
2256,悲,bēi,心,非,从心非聲,痛也。从心非聲。
2257,惑,huò,心,或,从心或聲,亂也。从心或聲。
2258,惩,chéng,心,徵,从心徵聲,㣻也。从心徵聲。
2259,惴,zhuì,心,耑,从心耑聲,憂懼也。从心耑聲。《詩》曰：“惴惴其慄。”
2260,惶,huáng,心,皇,从心皇聲,恐也。从心皇聲。
2261,惹,rě,心,若,从心若聲,亂也。从心若聲。
2262,愉,yú,心,俞,从心俞聲,薄也。从心俞聲。《論語》曰：“私覿，愉愉如也。”
2263,愠,yùn,心,𥁕,从心𥁕聲,怒也。从心𥁕聲。
2264,愤,fèn,心,賁,从心賁聲,懣也。从心賁聲。
2265,愦,kuì,心,貴,从心貴聲,亂也。从心貴聲。
2266,慨,kǎi,心,旣,从心旣聲,忼慨，壯士不得志也。从心旣聲。
2267,戡,kān,戈,甚,从戈甚聲,刺也。从戈甚聲。
2268,戢,jí,戈,咠,从戈咠聲,藏兵也。从戈咠聲。《詩》曰：“載戢干戈。”
2269,扉,fēi,戶,非,从戶非聲,戶扇也。从戶非聲。
2270,掌,zhǎng,手,尚,从手尚聲,手中也。从手尚聲。
2271,掾,yuàn,手,彖,从手彖聲,緣也。从手彖聲。
2272,揄,yú,手,俞,从手俞聲,引也。从手俞聲。
2273,揆,kuí,手,癸,从手癸聲,葵也。从手癸聲。
2274,提,tí,手,是,从手是聲,挈也。从手是聲。
2275,揖,yī,手,咠,从手咠聲,攘也。从手咠聲。一曰手箸胷曰揖。
2276,揠,yà,手,匽,从手匽聲,拔也。从手匽聲。
2277,握,wò,手,屋,从手屋聲,搤持也。从手屋聲。
2278,揣,chuǎi,手,耑,从手耑聲,量也。从手耑聲。度高曰揣。一曰捶之。
2279,揭,qì,手,曷,从手曷聲,高舉也。从手曷聲。
2280,揲,shé,手,枼,从手枼聲,閱持也。从手枼聲。
2281,援,yuán,手,爰,从手爰聲,引也。从手爰聲。
2282,搀,chān,手,毚,从手毚聲,剌也。从手毚聲。
2283,搂,lōu,手,婁,从手婁聲,曳、聚也。从手婁聲。
2284,搅,jiǎo,手,覺,从手覺聲,亂也。从手覺聲。《詩》曰：“祇攪我心。”
2285,搔,sāo,手,蚤,从手蚤聲,括也。从手蚤聲。
2286,敞,chǎng,攴,尚,从攴尚聲,平治高土，可以遠望也。从攴尚聲。
2287,敦,dūn,攴,𦎫,从攴𦎫聲,怒也。詆也。一曰誰何也。从攴𦎫聲。
2288,斐,fěi,文,非,从文非聲,分別文也。从文非聲。《易》曰：“君子豹變，其文斐也。”
2289,斯,sī,斤,其,从斤其聲,析也。从斤其聲。《詩》曰：“斧以斯之。”
2290,景,jǐng,日,京,从日京聲,光也。从日京聲。
2291,晷,guǐ,日,咎,从日咎聲,日景也。从日咎聲。
2292,暂,zàn,日,斬,从日斬聲,不久也。从日斬聲。
2293,暑,shǔ,日,者,从日者聲,熱也。从日者聲。
2294,曾,zēng,八,𡆧,从八从曰，𡆧聲,詞之舒也。从八从曰，𡆧聲。
2295,期,qī,月,其,从月其聲,會也。从月其聲。
2296,棋,qí,木,其,从木其聲,博棊。从木其聲。
2297,棚,péng,木,朋,从木朋聲,棧也。从木朋聲。
2298,棠,táng,木,尚,从木尚聲,牡曰棠，牝曰杜。从木尚聲。
2299,棣,dì,木,隶,从木隶聲,白棣也。从木隶聲。
2300,棱,léng,木,夌,从木夌聲,柧也。从木夌聲。
2301,棺,guān,木,官,从木官聲,關也。所以掩尸。从木官聲。
2302,棼,fén,林,分,从林分聲,複屋棟也。从林分聲。
2303,椁,guǒ,木,𩫏,从木𩫏聲,葬有木𩫏也。从木𩫏聲。
2304,椅,yī,木,奇,从木奇聲,梓也。从木奇聲。
2305,椋,liáng,木,京,从木京聲,卽來也。从木京聲。
2306,植,zhí,木,直,从木直聲,戶植也。从木直聲。
2307,椎,chuí,木,隹,从木隹聲,擊也。齊謂之終葵。从木隹聲。
2308,椐,jū,木,居,从木居聲,樻也。从木居聲。
2309,椟,dú,木,賣,从木賣聲,匱也。从木賣聲。一曰木名。又曰：大梡也。
2310,椠,qiàn,木,斬,从木斬聲,牘樸也。从木斬聲。
2311,椭,tuǒ,木,隋,从木隋聲,車笭中橢橢器也。从木隋聲。
2312,楗,jiàn,木,建,从木建聲,限門也。从木建聲。
2313,楮,chǔ,木,者,从木者聲,榖也。从木者聲。
2314,欺,qī,欠,其,从欠其聲,詐欺也。从欠其聲。
2315,殖,zhí,歺,直,从歺直聲,脂膏久殖也。从歺直聲。
2316,殚,dān,歺,單,从歺單聲,殛盡也。从歺單聲。
2317,殛,jí,歺,亟,从歺亟聲,殊也。从歺亟聲。《虞書》曰：“殛鯀于羽山。”
2318,渝,yū,水,俞,从水俞聲,變汙也。从水俞聲。一曰渝水，在遼西臨俞，東出塞。
2319,渡,dù,水,度,从水度聲,濟也。从水度聲。
2320,渥,wò,水,屋,从水屋聲,霑也。从水屋聲。
2321,温,wēn,水,𥁕,从水𥁕聲,水。出犍爲涪，南入黔水。从水𥁕聲。
2322,渫,xiè,水,枼,从水枼聲,除去也。从水枼聲。
2323,渭,wèi,水,胃,从水胃聲,水。出隴西首陽渭首亭南谷，東入河。从水胃聲。杜林說。《夏書》以爲出鳥鼠山。雝州浸也。
2324,港,gǎng,水,䢽,从水䢽聲,水派也。从水䢽聲。
2325,渴,kě,水,曷,从水曷聲,盡也。从水曷聲。
2326,游,yóu,㫃,汓,从㫃汓聲,旌旗之流也。从㫃汓聲。
2327,湄,méi,水,眉,从水眉聲,水艸交爲湄。从水眉聲。
2328,湍,tuān,水,耑,从水耑聲,疾瀨也。从水耑聲。
2329,湎,miǎn,水,面,从水面聲,沈於酒也。从水面聲。《周書》曰：“罔敢湎于酒。”
2330,湔,jiān,水,前,从水前聲,水。出蜀郡緜虒玉壘山，東南入江。从水前聲。一曰手𤃬之。
2331,湖,hú,水,胡,从水胡聲,大陂也。从水胡聲。揚州浸，有五湖。浸，川澤所仰以灌漑也。
2332,湘,xiāng,水,相,从水相聲,水。出零陵陽海山，北入江。从水相聲。
2333,湛,chén,水,甚,从水甚聲,没也。从水甚聲。一曰湛水，豫章浸。
2334,湟,huáng,水,皇,从水皇聲,水。出金城臨羌塞外，東入河。从水皇聲。
2335,湫,jiǎo,水,秋,从水秋聲,隘。下也。一曰有湫水，在周地。《春秋傳》曰：“晏子之宅秋隘。”安定朝𨙻有湫泉。从水秋聲。
2336,湮,yīn,水,垔,从水垔聲,没也。从水垔聲。
2337,湿,tà,水,㬎,从水㬎聲,水。出東郡東武陽，入海。从水㬎聲。桑欽云：出平原高唐。
2338,溃,kuì,水,貴,从水貴聲,漏也。从水貴聲。
2339,溆,xù,水,敘,从水敘聲,水浦也。从水敘聲。
2340,滁,chú,水,除,从水除聲,水名。从水除聲。
2341,滋,zī,水,兹,从水兹聲,益也。从水兹聲。一曰滋水，出牛飲山白陘谷，東入呼沱。
2342,滑,huá,水,骨,从水骨聲,利也。从水骨聲。
2343,滞,zhì,水,帶,从水帶聲,凝也。从水帶聲。
2344,焯,zhuó,火,卓,从火卓聲,明也。从火卓聲。《周書》曰：“焯見三有俊心。”
2345,然,rán,火,肰,从火肰聲,燒也。从火肰聲。
2346,牍,dú,片,賣,从片賣聲,書版也。从片賣聲。
2347,犀,xī,牛,㞑,从牛㞑聲,南徼外牛。一角在鼻，一角在頂，似豕。从牛㞑聲。
2348,犊,dú,牛,瀆,从牛，瀆省聲,牛子也。从牛，瀆省聲。
2349,犍,jiān,牛,建,从牛建聲,犗牛也。从牛建聲。亦郡名。
2350,猥,wěi,犬,畏,从犬畏聲,犬吠聲。从犬畏聲。
2351,猩,xīng,犬,星,从犬星聲,猩猩，犬吠聲。从犬星聲。
2352,猴,hóu,犬,矦,从犬矦聲,夒也。从犬矦聲。
2353,琚,jū,玉,居,从玉居聲,瓊琚。从玉居聲。《詩》曰：“報之以瓊琚。”
2354,琛,chēn,玉,深,从玉，深省聲,寶也。从玉，深省聲。
2355,琢,zhuó,玉,豖,从玉豖聲,治玉也。从玉豖聲。
2356,琥,hǔ,玉,虎,从玉从虎，虎亦聲,發兵瑞玉，爲虎文。从玉从虎，虎亦聲。《春秋傳》曰：“賜子家雙琥。”
2357,琨,kūn,玉,昆,从玉昆聲,石之美者。从玉昆聲。《虞書》曰：“楊州貢瑤琨。”
2358,琬,wǎn,玉,宛,从玉宛聲,圭有琬者。从玉宛聲。
2359,琮,cóng,玉,宗,从玉宗聲,瑞玉。大八寸，似車釭。从玉宗聲。
2360,琰,yǎn,玉,炎,从玉炎聲,璧上起美色也。从玉炎聲。
2361,琳,lín,玉,林,从玉林聲,美玉也。从玉林聲。
2362,琵,pí,珡,比,从珡比聲,琵琶，樂器。从珡比聲。
2363,琶,pá,珡,巴,从珡巴聲,琵琶也。从珡巴聲。義當用枇杷。
2364,琼,qióng,玉,敻,从玉敻聲,赤玉也。从玉敻聲。
2365,瑛,yīng,玉,英,从玉英聲,玉光也。从玉英聲。
2366,瓿,bù,瓦,咅,从瓦咅聲,甂也。从瓦咅聲。
2367,甥,shēng,男,生,从男生聲,謂我舅者，吾謂之甥也。从男生聲。
2368,甯,nìng,用,寕,从用，寕省聲,所願也。从用，寕省聲。
2369,疏,shū,𠫓,疋,从𡿮从疋，疋亦聲,通也。从𡿮从疋，疋亦聲。
2370,痛,tòng,疒,甬,从疒甬聲,病也。从疒甬聲。
2371,痞,pǐ,疒,否,从疒否聲,痛也。从疒否聲。
2372,痤,cuó,疒,坐,从疒坐聲,小腫也。从疒坐聲。一曰族絫。
2373,痨,lào,疒,勞,从疒勞聲,朝鮮謂藥毒曰癆。从疒勞聲。
2374,皴,cūn,皮,夋,从皮夋聲,皮細起也。从皮夋聲。
2375,睇,dì,目,弟,从目弟聲,目小視也。从目弟聲。南楚謂眄曰睇。
2376,睐,lài,目,來,从目來聲,目童子不正也。从目來聲。
2377,睑,jiǎn,目,僉,从目僉聲,目上下瞼也。从目僉聲。
2378,短,duǎn,矢,豆,从矢豆聲,有所長短，以矢爲正。从矢豆聲。
2379,硪,é,石,我,从石我聲,石巖也。从石我聲。
2380,确,què,石,角,从石角聲,礊石也。从石角聲。
2381,祺,qí,示,其,从示其聲,吉也。从示其聲。
2382,禄,lù,示,彔,从示彔聲,福也。从示彔聲。
2383,禅,shàn,示,單,从示單聲,祭天也。从示單聲。
2384,禽,qín,禸,今,从厹，象形，今聲,走獸緫名。从厹，象形，今聲。禽、离、兕頭相似。
2385,稀,xī,禾,希,从禾希聲,䟽也。从禾希聲。
2386,稃,fū,禾,孚,从禾孚聲,𥢶也。从禾孚聲。
2387,程,chéng,禾,呈,从禾呈聲,品也。十髮爲程，十程爲分，十分爲寸。从禾呈聲。
2388,稍,shāo,禾,肖,从禾肖聲,出物有漸也。从禾肖聲。
2389,税,shuì,禾,兌,从禾兌聲,租也。从禾兌聲。
2390,窖,jiào,穴,告,从穴告聲,地藏也。从穴告聲。
2391,窘,jiǒng,穴,君,从穴君聲,迫也。从穴君聲。
2392,竣,jùn,立,夋,从立夋聲,偓竣也。从立夋聲。《國語》曰：“有司巳事而竣。”
2393,童,tóng,䇂,重,从䇂，重省聲,男有辠曰奴，奴曰童，女曰妾。从䇂，重省聲。
2394,筒,dòng,竹,同,从竹同聲,通簫也。从竹同聲。
2395,策,cè,竹,朿,从竹朿聲,馬箠也。从竹朿聲。
2396,筚,bì,竹,畢,从竹畢聲,藩落也。从竹畢聲。《春秋傳》曰：“篳門圭窬。”
2397,筝,zhēng,竹,爭,从竹爭聲,鼓弦竹身樂也。从竹爭聲。
2398,筵,yán,竹,延,从竹延聲,竹席也。从竹延聲。《周禮》曰：“度堂以筵。”筵一丈。
2399,紫,zǐ,糸,此,从糸此聲,帛青赤色。从糸此聲。
2400,絮,xù,糸,如,从糸如聲,敝緜也。从糸如聲。
2401,缃,xiāng,糸,相,从糸相聲,帛淺黃色也。从糸相聲。
2402,缄,jiān,糸,咸,从糸咸聲,束篋也。从糸咸聲。
2403,缅,miǎn,糸,面,从糸面聲,微絲也。从糸面聲。
2404,缇,tǐ,糸,是,从糸是聲,帛丹黃色。从糸是聲。
2405,缉,jī,糸,咠,从糸咠聲,績也。从糸咠聲。
2406,缋,huì,糸,貴,从糸貴聲,織餘也。从糸貴聲。
2407,缌,sī,糸,思,从糸思聲,十五升布也。一曰兩麻一絲布也。从糸思聲。
2408,缏,biàn,糸,便,从糸便聲,交枲也。一曰緁衣也。从糸便聲。
2409,缒,zhuì,糸,追,”从糸追聲,以繩有所縣也。《春秋傳》曰：“夜縋納師。”从糸追聲。
2410,缔,dì,糸,帝,从糸帝聲,結不解也。从糸帝聲。
2411,缕,lǚ,糸,婁,从糸婁聲,綫也。从糸婁聲。
2412,编,biān,糸,扁,从糸扁聲,次𥳑也。从糸扁聲。
2413,缘,yuàn,糸,彖,从糸彖聲,衣純也。从糸彖聲。
2414,缙,jìn,糸,晉,从糸晉聲,帛赤色也。《春秋傳》“縉雲氏”，《禮》有“縉緣”。从糸晉聲。
2415,翔,xiáng,羽,羊,从羽羊聲,回飛也。从羽羊聲。
2416,翕,xī,羽,合,从羽合聲,起也。从羽合聲。
2417,翘,qiáo,羽,堯,从羽堯聲,尾長毛也。从羽堯聲。
2418,聒,guō,耳,𠯑,从耳𠯑聲,驩語也。从耳𠯑聲。
2419,脾,pí,肉,卑,从肉卑聲,土藏也。从肉卑聲。
2420,腆,tiǎn,肉,典,从肉典聲,設膳腆腆多也。从肉典聲。
2421,腊,là,肉,巤,从肉巤聲,冬至後三戌，臘祭百神。从肉巤聲。
2422,腌,yān,肉,奄,从肉奄聲,漬肉也。从肉奄聲。
2423,腓,féi,肉,非,从肉非聲,脛腨也。从肉非聲。
2424,腔,qiāng,肉,空,从肉从空，空亦聲,内空也。从肉从空，空亦聲。
2425,腴,yú,肉,臾,从肉臾聲,腹下𦘺也。从肉臾聲。
2426,舒,shū,予,予,从舍从予，予亦聲,伸也。从舍从予，予亦聲。一曰舒，緩也。
2427,舜,shùn,舜,舛,从舛，舛亦聲,艸也。楚謂之葍，秦謂之藑。蔓地連華。象形。从舛，舛亦聲。凡䑞之屬皆从䑞。(今隸變作舜。)
2428,艇,tǐng,舟,廷,从舟廷聲,小舟也。从舟廷聲。
2429,落,luò,艸,洛,从艸洛聲,凡艸曰零，木曰落。从艸洛聲。
2430,葆,bǎo,艸,𠈃,从艸𠈃聲,艸盛皃。从艸𠈃聲。
2431,葑,fēng,艸,封,从艸封聲,須從也。从艸封聲。
2432,葚,shèn,艸,甚,从艸甚聲,桑實也。从艸甚聲。
2433,葛,gé,艸,曷,从艸曷聲,絺綌艸也。从艸曷聲。
2434,葩,pā,艸,皅,从艸皅聲,華也。从艸皅聲。
2435,葭,jiā,艸,叚,从艸叚聲,葦之未秀者。从艸叚聲。
2436,葱,cōng,艸,悤,从艸悤聲,菜也。从艸悤聲。
2437,葵,kuí,艸,癸,从艸癸聲,菜也。从艸癸聲。
2438,葺,qì,艸,咠,从艸咠聲,茨也。从艸咠聲。
2439,蒉,kuì,艸,䝿,从艸䝿聲,艸器也。从艸䝿聲。
2440,蒋,jiāng,艸,將,从艸將聲,苽蔣也。从艸將聲。
2441,蒌,lóu,艸,婁,从艸婁聲,艸也。可以亨魚。从艸婁聲。
2442,蛘,yǎng,虫,羊,从虫羊聲,搔蛘也。从虫羊聲。
2443,蛟,jiāo,虫,交,从虫交聲,龍之屬也。池魚滿三千六百，蛟來爲之長，能率魚飛。置笱水中，卽蛟去。从虫交聲。
2444,蛩,qióng,虫,巩,从虫巩聲,蛩蛩，獸也。一曰秦謂蟬蛻曰蛩。从虫巩聲。
2445,蛭,zhì,虫,至,从虫至聲,蟣也。从虫至聲。
2446,蛮,mán,虫,䜌,从虫䜌聲,南蠻，蛇穜。从虫䜌聲。
2447,蛰,zhé,虫,執,从虫執聲,藏也。从虫執聲。
2448,蛱,jiá,虫,夾,从虫夾聲,蛺蜨也。从虫夾聲。
2449,蛲,náo,虫,堯,从虫堯聲,腹中短蟲也。从虫堯聲。
2450,蜓,diàn,虫,廷,从虫廷聲,蝘蜓也。从虫廷聲。一曰螾蜓。
2451,街,jiē,行,圭,从行圭聲,四通道也。从行圭聲。
2452,裁,cái,衣,𢦔,从衣𢦔聲,制衣也。从衣𢦔聲。
2453,裂,liè,衣,𠛱,从衣𠛱聲,繒餘也。从衣𠛱聲。
2454,装,zhuāng,衣,壯,从衣壯聲,裹也。从衣壯聲。
2455,裎,chéng,衣,呈,从衣呈聲,袒也。从衣呈聲。
2456,裕,yù,衣,谷,从衣谷聲,衣物饒也。从衣谷聲。《易》曰：“有孚，裕無咎。”
2457,觌,dí,見,𧸇,从見𧸇聲,見也。从見𧸇聲。
2458,觚,gū,角,瓜,从角瓜聲,鄉飮酒之爵也。一曰觴受三升者謂之觚。从角瓜聲。
2459,觞,shāng,角,𥏻,从角，𥏻省聲,觶實曰觴，虚曰觶。从角，𥏻省聲。
2460,谟,mó,言,莫,从言莫聲,議謀也。从言莫聲。《虞書》曰：“咎繇謨。”
2461,谠,dǎng,言,黨,从言黨聲,直言也。从言黨聲。
2462,谢,xiè,言,䠶,从言䠶聲,辤去也。从言䠶聲。
2463,谤,bàng,言,㫄,从言㫄聲,毀也。从言㫄聲。
2464,谦,qiān,言,兼,从言兼聲,敬也。从言兼聲。
2465,谧,mì,言,𥁑,从言𥁑聲,靜語也。从言𥁑聲。一曰無聲也。
2466,貂,diāo,豸,召,从豸召聲,鼠屬。大而黃黑，出胡丁零國。从豸召聲。
2467,赋,fù,貝,武,从貝武聲,斂也。从貝武聲。
2468,赌,dǔ,貝,者,从貝者聲,博簺也。从貝者聲。
2469,赍,jī,貝,齊,从貝齊聲,持遺也。从貝齊聲。
2470,赎,shú,貝,𧸇,从貝𧸇聲,貿也。从貝𧸇聲。
2471,赏,shǎng,貝,尚,从貝尚聲,賜有功也。从貝尚聲。
2472,赐,cì,貝,易,从貝易聲,予也。从貝易聲。
2473,趁,chèn,走,㐱,从走㐱聲,𧾍也。从走㐱聲。讀若塵。
2474,趄,jū,走,且,从走且聲,趑趄也。从走且聲。
2475,超,chāo,走,召,从走召聲,跳也。从走召聲。
2476,越,yuè,走,戉,从走戉聲,度也。从走戉聲。
2477,趋,qū,走,芻,从走芻聲,走也。从走芻聲。
2478,跋,bá,足,犮,从足犮聲,蹎跋也。从足犮聲。
2479,跌,diē,足,失,从足失聲,踼也。从足失聲。一曰越也。
2480,跎,tuó,足,它,从足它聲,蹉跎也。从足它聲。
2481,跖,zhí,足,石,从足石聲,足下也。从足石聲。
2482,跛,bǒ,足,皮,从足皮聲,行不正也。从足皮聲。一曰足排之。讀若彼。
2483,践,jiàn,足,戔,从足戔聲,履也。从足戔聲。
2484,辈,bèi,車,非,从車非聲,若軍發車百兩爲一輩。从車非聲。
2485,辊,gǔn,車,昆,从車昆聲,轂齊等皃。从車昆聲。《周禮》曰：“望其轂，欲其輥。”
2486,辍,chuò,車,叕,从車叕聲,車小缺復合者。从車叕聲。
2487,辎,zī,車,甾,从車甾聲,軿車前，衣車後也。从車甾聲。
2488,辜,gū,辛,古,从辛古聲,辠也。从辛古聲。
2489,逼,bī,辵,畐,从辵畐聲,近也。从辵畐聲。
2490,逾,yú,辵,俞,从辵俞聲,𨒋進也。从辵俞聲。《周書》曰：“無敢昬逾。”
2491,遁,dùn,辵,盾,从辵盾聲,遷也。一曰逃也。从辵盾聲。
2492,遂,suì,辵,㒸,从辵㒸聲,亾也。从辵㒸聲。
2493,遄,chuán,辵,耑,从辵耑聲,往來𢿙也。从辵耑聲。《易》曰：“㠯事遄往。”
2494,遇,yù,辵,禺,从辵禺聲,逢也。从辵禺聲。
2495,遏,è,辵,曷,从辵曷聲,微止也。从辵曷聲。讀若桑蟲之蝎。
2496,遐,xiá,辵,叚,从辵叚聲,遠也。从辵叚聲。
2497,遑,huáng,辵,皇,从辵皇聲,急也。从辵皇聲。或从彳。
2498,遗,yí,辵,䝿,从辵䝿聲,亾也。从辵䝿聲。
2499,酢,cù,酉,乍, 从酉乍聲,醶也。 从酉乍聲。
2500,酣,hān,酉,甘,从酉从甘，甘亦聲,酒樂也。从酉从甘，甘亦聲。
2501,酤,gū,酉,古,从酉古聲,一宿酒也。一曰買酒也。从酉古聲。
2502,释,shì,釆,睪,从睪聲,解也。从釆；釆，取其分別物也。从睪聲。
2503,量,liáng,重,曏,从重省，曏省聲,稱輕重也。从重省，曏省聲。
2504,铸,zhù,金,壽,从金壽聲,銷金也。从金壽聲。
2505,铺,pū,金,甫,从金甫聲,箸門鋪首也。从金甫聲。
2506,链,lián,金,連,从金連聲,銅屬。从金連聲。
2507,销,xiāo,金,肖,从金肖聲,鑠金也。从金肖聲。
2508,锁,suǒ,金,𧴪,从金𧴪聲,𨮯鎖，門鍵也。从金𧴪聲。
2509,锉,cuò,金,坐,从金坐聲,鍑也。从金坐聲。
2510,锊,lüè,金,寽,从金寽聲,十銖二十五分之十三也。从金寽聲。《周禮》曰：“重三鋝。”北方以二十兩爲鋝。
2511,锏,jiàn,金,閒,从金閒聲,車軸𨮯也。从金閒聲。
2512,锐,ruì,金,兌,从金兌聲,芒也。从金兌聲。
2513,锑,tí,金,弟,从金弟聲,鎕銻也。从金弟聲。
2514,锒,láng,金,良,从金良聲,鋃鏜，瑣也。从金良聲。
2515,阑,lán,門,柬,从門柬聲,門遮也。从門柬聲。
2516,阒,qù,門,狊,从門狊聲,靜也。从門狊聲。
2517,阔,kuò,門,𣴠,从門𣴠聲,䟽也。从門𣴠聲。
2518,阕,què,門,癸,从門癸聲,事巳，閉門也。从門癸聲。
2519,隔,gé,𨸏,鬲,从𨸏鬲聲,障也。从𨸏鬲聲。
2520,隙,xì,𨸏,𡭴,从𨸏从𡭴，𡭴亦聲,壁際孔也。从𨸏从𡭴，𡭴亦聲。
2521,雁,yàn,隹,厂,从隹从人，厂聲,鳥也。从隹从人，厂聲。讀若鴈。
2522,雄,xióng,隹,厷,从隹厷聲,鳥父也。从隹厷聲。
2523,雅,yǎ,隹,牙,从隹牙聲,楚烏也。一名鸒，一名卑居。秦謂之雅。从隹牙聲。
2524,雇,hù,隹,戶,从隹戶聲,九雇。農桑候鳥，扈民不婬者也。从隹戶聲。春雇，鳻盾；夏雇，竊玄；秋雇，竊藍；冬雇，竊黃；𣗥雇，竊丹；行雇，唶唶；宵雇，嘖嘖；桑雇，竊脂；老雇，鷃也。
2525,靓,jìng,見,青,从見青聲,召也。从見青聲。
2526,颉,xié,頁,吉,从頁吉聲,直項也。从頁吉聲。
2527,颊,jiá,頁,夾,从頁夾聲,面㫄也。从頁夾聲。
2528,颌,hàn,頁,合,从頁合聲,𩔞也。从頁合聲。
2529,颍,yǐng,水,頃,从水頃聲,水。出潁川陽城乾山，東入淮。从水頃聲。豫州浸。
2530,颏,hái,頁,亥,从頁亥聲,醜也。从頁亥聲。
2531,飨,xiǎng,食,鄉,从食从鄉，鄉亦聲,鄉人飲酒也。从食从鄉，鄉亦聲。
2532,馈,kuì,食,貴,从食貴聲,餉也。从食貴聲。
2533,骚,sāo,馬,蚤,从馬蚤聲,擾也。一曰摩馬。从馬蚤聲。
2534,骛,wù,馬,敄,从馬敄聲,亂馳也。从馬敄聲。
2535,鲁,lǔ,𪞶,鮺,从白，鮺省聲,鈍詞也。从白，鮺省聲。《論語》曰：“參也魯。”
2536,鲂,fáng,魚,方,从魚方聲,赤尾魚。从魚方聲。
2537,鹄,hú,鳥,告,从鳥告聲,鴻鵠也。从鳥告聲。
2538,鹆,yù,鳥,谷,从鳥谷聲,鴝鵒也。从鳥谷聲。古者鴝鵒不踰泲。
2539,鹇,xián,鳥,閒,从鳥閒聲,鴟也。从鳥閒聲。
2540,黍,shǔ,黍,雨,从禾，雨省聲,禾屬而黏者也。以大暑而穜，故謂之黍。从禾，雨省聲。孔子曰：“黍可爲酒，禾入水也。”凡黍之屬皆从黍。
2541,鼋,yuán,黽,元,从𪓑元聲,大鼈也。从𪓑元聲。
2542,催,cuī,人,崔,从人崔聲,相儔也。从人崔聲。《詩》曰：“室人交徧催我。”
2543,像,xiàng,人,象,从人从象，象亦聲,象也。从人从象，象亦聲。讀若養。
2544,剽,piào,刀,𤐫,从刀𤐫聲,砭刺也。从刀𤐫聲。一曰剽，劫人也。
2545,勤,qín,力,𡏳,从力𡏳聲,勞也。从力𡏳聲。
2546,嗌,yì,口,益,从口益聲,咽也。从口益聲。
2547,嗑,kè,口,盍,从口盍聲,多言也。从口盍聲。讀若甲。
2548,嗔,tián,口,眞,从口眞聲,盛气也。从口眞聲。《詩》曰：“振旅嗔嗔。”
2549,嗜,shì,口,耆,从口耆聲,嗜欲，喜之也。从口耆聲。
2550,嗣,sì,冊,司,从冊从口，司聲,諸侯嗣國也。从冊从口，司聲。
2551,嗥,háo,口,皐,从口皐聲,咆也。从口皐聲。
2552,嗷,áo,口,敖,从口敖聲,眾口愁也。从口敖聲。《詩》曰：“哀鳴嗷嗷。”
2553,塍,chéng,土,朕,从土朕聲,稻中畦也。从土朕聲。
2554,塘,táng,土,唐,从土唐聲,隄也。从土唐聲。
2555,墓,mù,土,莫,从土莫聲,丘也。从土莫聲。
2556,媲,pì,女,𣬉,从女𣬉聲,妃也。从女𣬉聲。
2557,媾,gòu,女,冓,从女冓聲,重㛰也。从女冓聲。《易》曰：“匪寇，㛰媾。”
2558,嫁,jià,女,家,从女家聲,女適人也。从女家聲。
2559,嫌,xián,女,兼,从女兼聲,不平於心也。一曰疑也。从女兼聲。
2560,嫔,pín,女,賓,从女賓聲,服也。从女賓聲。
2561,幕,mù,巾,莫,从巾莫聲,帷在上曰幕，覆食案亦曰幕。从巾莫聲。
2562,廉,lián,广,兼,从广兼聲,庂也。从广兼聲。
2563,彀,gòu,弓,𣪊,从弓𣪊聲,張弩也。从弓𣪊聲。
2564,微,wēi,彳,𢼸,从彳𢼸聲,隱行也。从彳𢼸聲。《春秋傳》曰：“白公其徒微之。”
2565,想,xiǎng,心,相,从心相聲,冀思也。从心相聲。
2566,愁,chóu,心,秋,从心秋聲,憂也。从心秋聲。
2567,愆,qiān,心,衍,从心衍聲,過也。从心衍聲。
2568,愍,mǐn,心,敃,从心敃聲,痛也。从心敃聲。
2569,感,gǎn,心,咸,从心咸聲,動人心也。从心咸聲。
2570,慈,cí,心,兹,从心兹聲,愛也。从心兹聲。
2571,慊,xián,心,兼,从心兼聲,疑也。从心兼聲。
2572,慑,shè,心,聶,从心聶聲,失气也。从心聶聲。一曰服也。
2573,搏,bó,手,尃,从手尃聲,索持也。一曰至也。从手尃聲。
2574,搦,nuò,手,弱,从手弱聲,按也。从手弱聲。
2575,携,xié,手,雟,从手雟聲,提也。从手雟聲。
2576,摄,shè,手,聶,从手聶聲,引持也。从手聶聲。
2577,摇,yáo,手,䍃,从手䍃聲,動也。从手䍃聲。
2578,摊,tān,手,難,从手難聲,開也。从手難聲。
2579,敫,jiào,欠,噭,从欠，噭省聲,所，謌也。从欠，噭省聲。讀若叫呼之叫。
2580,数,shǔ,攴,婁,从攴婁聲,計也。从攴婁聲。
2581,斟,zhēn,斗,甚,从斗甚聲,勺也。从斗甚聲。
2582,新,xīn,斤,新,从斤新聲,取木也。从斤新聲。
2583,暇,xiá,日,叚,从日叚聲,閑也。从日叚聲。
2584,暗,àn,日,音,从日音聲,日無光也。从日音聲。
2585,椽,chuán,木,彖,从木彖聲,榱也。从木彖聲。
2586,楔,xiè,木,契,从木契聲,櫼也。从木契聲。
2587,楚,chǔ,林,疋,从林疋聲,叢木。一名荊也。从林疋聲。
2588,楝,liàn,木,柬,从木柬聲,木也。从木柬聲。
2589,楣,méi,木,眉,从木眉聲,秦名屋𣝼聯也。齊謂之檐，楚謂之梠。从木眉聲。
2590,楫,jí,木,咠,从木咠聲,舟櫂也。从木咠聲。
2591,楷,jiē,木,皆,从木皆聲,木也。孔子冢蓋樹之者。从木皆聲。
2592,楸,qiū,木,秋,从木秋聲,梓也。从木秋聲。
2593,楹,yíng,木,盈,从木盈聲,柱也。从木盈聲。《春秋傳》曰：“丹桓宫楹。”
2594,楼,lóu,木,婁,从木婁聲,重屋也。从木婁聲。
2595,榆,yú,木,俞,从木俞聲,榆，白枌。从木俞聲。
2596,榇,chèn,木,親,从木親聲,棺也。从木親聲。《春秋傳》曰：“士輿櫬。”
2597,槌,zhuì,木,追,从木追聲,關東謂之槌，關西謂之㭙。从木追聲。
2598,槎,chá,木,差,从木差聲,衺斫也。从木差聲。《春秋傳》曰：“山不槎。”
2599,槐,huái,木,鬼,从木鬼聲,木也。从木鬼聲。
2600,歃,shà,欠,臿,从欠臿聲,歠也。从欠臿聲。《春秋傳》曰：“歃而忘。”
2601,歆,xīn,欠,音,从欠音聲,神食气也。从欠音聲。
2602,歇,xiē,欠,曷,从欠曷聲,息也。一曰气越泄。从欠曷聲。
2603,歌,gē,欠,哥,从欠哥聲,詠也。从欠哥聲。
2604,殿,diàn,殳,𡱂,从殳𡱂聲,擊聲也。从殳𡱂聲。
2605,毁,huǐ,火,毀,从火毀聲,火也。从火毀聲。《春秋傳》曰：“衞矦燬。”
2606,毂,gǔ,車,𣪊,从車𣪊聲,輻所凑也。从車𣪊聲。
2607,毹,yú,毛,俞,从毛俞聲,氍毹也。从毛俞聲。
2608,溘,kè,水,盍,从水盍聲,奄忽也。从水盍聲。
2609,溟,míng,水,冥,从水冥聲,小雨溟溟也。从水冥聲。
2610,溢,yì,水,益,从水益聲,器滿也。从水益聲。
2611,溥,pǔ,水,尃,从水尃聲,大也。从水尃聲。
2612,溧,lì,水,栗,从水栗聲,水。出丹陽溧陽縣。从水栗聲。
2613,溯,sù,水,㡿,从水㡿聲,逆流而上曰㴑洄。㴑，向也。水欲下違之而上也。从水㡿聲。
2614,溱,zhēn,水,秦,从水秦聲,水。出桂陽臨武，入匯。从水秦聲。
2615,溶,yǒng,水,容,从水容聲,水盛也。从水容聲。
2616,溷,hùn,水,圂,从水圂聲,亂也。一曰水濁皃。从水圂聲。
2617,溺,ruò,水,弱,从水弱聲,水。自張掖𠛹丹西，至酒泉合黎，餘波入于流沙。从水弱聲。桑欽所說。
2618,溽,rù,水,辱,从水辱聲,溼暑也。从水辱聲。
2619,滂,pāng,水,㫄,从水㫄聲,沛也。从水㫄聲。
2620,滇,diān,水,眞,从水眞聲,益州池名。从水眞聲。
2621,滓,zǐ,水,宰,从水宰聲,澱也。从水宰聲。
2622,滔,tāo,水,舀,从水舀聲,水漫漫大皃。从水舀聲。
2623,满,mǎn,水,㒼,从水㒼聲,盈溢也。从水㒼聲。
2624,滥,làn,水,監,从水監聲,氾也。从水監聲。一曰濡上及下也。《詩》曰：“𧥑沸濫泉。”一曰清也。
2625,漠,mò,水,莫,从水莫聲,北方流沙也。一曰清也。从水莫聲。
2626,煌,huáng,火,皇,从火皇聲,煌，煇也。从火皇聲。
2627,煎,jiān,火,前,从火前聲,熬也。从火前聲。
2628,煜,yù,火,昱,从火昱聲,熠也。从火昱聲。
2629,煦,xù,火,昫,从火昫聲,烝也。一曰赤皃。一曰溫潤也。从火昫聲。
2630,照,zhào,火,昭,从火昭聲,明也。从火昭聲。
2631,煨,wēi,火,畏,从火畏聲,盆中火。从火畏聲。
2632,牒,dié,片,枼,从片枼聲,札也。从片枼聲。
2633,献,xiàn,犬,鬳,从犬鬳聲,宗廟犬名羹獻。犬肥者以獻之。从犬鬳聲。
2634,獒,áo,犬,敖,从犬敖聲,犬如人心可使者。从犬敖聲。《春秋傳》曰：“公嗾夫獒。”
2635,瑁,mào,玉,冒,”从玉、冒，冒亦聲,諸侯執圭朝天子，天子執玉以冒之，似犂冠。《周禮》曰：“天子執瑁四寸。”从玉、冒，冒亦聲。
2636,瑕,xiá,玉,叚,从玉叚聲,玉小赤也。从玉叚聲。
2637,瑗,yuàn,玉,爰,从玉爰聲,大孔璧。人君上除陛以相引。从玉爰聲。《爾雅》曰：“好倍肉謂之瑗，肉倍好謂之璧。”
2638,瑚,hú,玉,胡,从玉胡聲,珊瑚也。从玉胡聲。
2639,瑜,yú,玉,俞,从玉俞聲,瑾瑜，美玉也。从玉俞聲。
2640,瑟,sè,珡,必,从珡必聲,庖犧所作弦樂也。从珡必聲。
2641,瑰,guī,玉,鬼,从玉鬼聲,玟瑰。从玉鬼聲。一曰圜好。
2642,甄,zhēn,瓦,垔,从瓦垔聲,匋也。从瓦垔聲。
2643,畸,jī,田,奇,从田奇聲,殘田也。从田奇聲。
2644,畹,wǎn,田,宛,从田宛聲,田三十畝也。从田宛聲。
2645,痱,féi,疒,非,从疒非聲,風病也。从疒非聲。
2646,痴,chī,疒,疑,从疒疑聲,不慧也。从疒疑聲。
2647,痹,bì,疒,𢌿,从疒𢌿聲,溼病也。从疒𢌿聲。
2648,痿,wěi,疒,委,从疒委聲,痹也。从疒委聲。
2649,瘀,yū,疒,於,从疒於聲,積血也。从疒於聲。
2650,瘃,zhú,疒,豖,从疒豖聲,中寒腫覈。从疒豖聲。
2651,瘅,dàn,疒,單,从疒單聲,勞病也。从疒單聲。
2652,皙,xī,白,析,从白析聲,人色白也。从白析聲。
2653,睢,huī,目,隹,从目隹聲,仰目也。从目隹聲。
2654,督,dū,目,叔,从目叔聲,察也。一曰目痛也。从目叔聲。
2655,睦,mù,目,坴,从目坴聲,目順也。从目坴聲。一曰敬和也。
2656,睨,nì,目,兒,从目兒聲,衺視也。从目兒聲。
2657,睹,dǔ,目,者,从目者聲,見也。从目者聲。
2658,矮,ǎi,矢,委,从矢委聲,短人也。从矢委聲。
2659,碌,lù,石,彔,从石彔聲,石皃。从石彔聲。
2660,碍,ài,石,疑,从石疑聲,止也。从石疑聲。
2661,碎,suì,石,卒,从石卒聲,䃺也。从石卒聲。
2662,碑,bēi,石,卑,从石卑聲,豎石也。从石卑聲。
2663,碓,duì,石,隹,从石隹聲,舂也。从石隹聲。
2664,碛,qì,石,責,从石責聲,水陼有石者。从石責聲。
2665,禁,jìn,示,林,从示林聲,吉凶之忌也。从示林聲。
2666,福,fú,示,畐,从示畐聲,祐也。从示畐聲。
2667,稔,rěn,禾,念,从禾念聲,穀孰也。从禾念聲。《春秋傳》曰：“鮮不五稔。”
2668,稗,bài,禾,卑,从禾卑聲,禾別也。从禾卑聲。琅邪有稗縣。
2669,稞,huà,禾,果,从禾果聲,穀之善者。从禾果聲。一曰無皮穀。
2670,稠,chóu,禾,周,从禾周聲,多也。从禾周聲。
2671,稣,sū,禾,魚,从禾魚聲,把取禾若也。从禾魚聲。
2672,窠,kē,穴,果,从穴果聲,空也。穴中曰窠，樹上曰巢。从穴果聲。
2673,窥,kuī,穴,規,从穴規聲,小視也。从穴規聲。
2674,窦,dòu,穴,瀆,从穴，瀆省聲,空也。从穴，瀆省聲。
2675,筠,yún,竹,均,从竹均聲,竹皮也。从竹均聲。
2676,筱,xiǎo,竹,攸,从竹攸聲,箭屬。小竹也。从竹攸聲。
2677,筹,chóu,竹,壽,从竹壽聲,壺矢也。从竹壽聲。
2678,签,qiān,竹,韱,从竹韱聲,驗也。一曰銳也，貫也。从竹韱聲。
2679,简,jiǎn,竹,閒,从竹閒聲,牒也。从竹閒聲。
2680,粮,liáng,米,量,从米量聲,穀也。从米量聲。
2681,粱,liáng,米,梁,从米，梁省聲,米名也。从米，梁省聲。
2682,粲,càn,米,𣦼,从米𣦼聲,稻重一䄷，爲粟二十斗，爲米十斗，曰毇；爲米六斗太半斗，曰粲。从米𣦼聲。
2683,缚,fù,糸,尃,从糸尃聲,束也。从糸尃聲。
2684,缛,rù,糸,辱,从糸辱聲,繁采色也。从糸辱聲。
2685,缝,féng,糸,逢,从糸逢聲,以鍼紩衣也。从糸逢聲。
2686,缟,gǎo,糸,高,从糸高聲,鮮色也。从糸高聲。
2687,缠,chán,糸,廛,从糸廛聲,繞也。从糸廛聲。
2688,缡,lí,糸,离,从糸离聲,以絲介履也。从糸离聲。
2689,缢,yì,糸,益,从糸益聲,經也。从糸益聲。《春秋傳》曰：“夷姜縊。”
2690,缣,jiān,糸,兼,从糸兼聲,幷絲繒也。从糸兼聲。
2691,罨,yǎn,网,奄,从网奄聲,䍑也。从网奄聲。
2692,罩,zhào,网,卓,从网卓聲,捕魚器也。从网卓聲。
2693,署,shǔ,网,者,从网者聲,部署，有所网屬。从网者聲。
2694,群,qún,羊,君,从羊君聲,輩也。从羊君聲。
2695,聘,pìn,耳,甹,从耳甹聲,訪也。从耳甹聲。
2696,腥,xìng,肉,星,从肉从星，星亦聲,星見食豕，令肉中生小息肉也。从肉从星，星亦聲。
2697,腹,fù,肉,复,从肉复聲,厚也。从肉复聲。
2698,腻,nì,肉,貳,从肉貳聲,上𦘺也。从肉貳聲。
2699,腼,tiǎn,面,見,从面、見，見亦聲,面見也。从面、見，見亦聲。《詩》曰：“有靦面目。”
2700,腾,téng,馬,朕,从馬朕聲,傳也。从馬朕聲。一曰騰，犗馬也。
2701,舅,jiù,男,臼,从男臼聲,母之兄弟爲𦥶，妻之父爲外𦥶。从男臼聲。
2702,蒙,méng,艸,冡,从艸冡聲,王女也。从艸冡聲。
2703,蒜,suàn,艸,祘,从艸祘聲,葷菜。从艸祘聲。
2704,蒲,pú,艸,浦,从艸浦聲,水艸也。可以作席。从艸浦聲。
2705,蒸,zhēng,艸,烝,从艸烝聲,折麻中榦也。从艸烝聲。
2706,蒹,jiān,艸,兼,从艸兼聲,雚之未秀者。从艸兼聲。
2707,蒿,hāo,艸,高,从艸高聲,菣也。从艸高聲。
2708,蓁,zhēn,艸,秦,从艸秦聲,艸盛皃。从艸秦聲。
2709,蓄,xù,艸,畜,从艸畜聲,積也。从艸畜聲。
2710,蓉,róng,艸,容,从艸容聲,芙蓉也。从艸容聲。
2711,蓍,shī,艸,耆,从艸耆聲,蒿屬。生十歲，百莖。《易》以爲𢿙。天子蓍九尺，諸侯七尺，大夫五尺，士三尺。从艸耆聲。
2712,蓐,rù,蓐,辱,从艸辱聲,陳艸復生也。从艸辱聲。一曰蔟也。凡蓐之屬皆从蓐。
2713,蓝,lán,艸,監,从艸監聲,染青艸也。从艸監聲。
2714,蓟,jì,艸,魝,从艸魝聲,芺也。从艸魝聲。
2715,蓠,lí,艸,離,从艸離聲,江蘺，蘼蕪。从艸離聲。
2716,蓥,yìng,金,熒,从金，熒省聲,器也。从金，熒省聲。讀若銑。
2717,蓦,mò,馬,莫,从馬莫聲,上馬也。从馬莫聲。
2718,蓬,péng,艸,逢,从艸逢聲,蒿也。从艸逢聲。
2719,虞,yú,虍,吳,从虍吳聲,騶虞也。白虎黑文，尾長於身。仁獸，食自死之肉。从虍吳聲。《詩》曰：“于嗟乎，騶虞。”
2720,蛸,xiāo,虫,肖,从虫肖聲,𧓎蛸，堂蜋子。从虫肖聲。
2721,蛹,yǒng,虫,甬,从虫甬聲,繭蟲也。从虫甬聲。
2722,蛾,yǐ,虫,我,从虫我聲,羅也。从虫我聲。
2723,蜃,shèn,虫,辰,从虫辰聲,雉入海，化爲蜃。从虫辰聲。
2724,蜉,liè,虫,寽,从虫寽聲,商何也。从虫寽聲。
2725,蜗,wō,虫,咼,从虫咼聲,蝸蠃也。从虫咼聲。
2726,衙,yú,行,吾,从行吾聲,行皃。从行吾聲。
2727,裔,yì,衣,㕯,从衣㕯聲,衣裾也。从衣㕯聲。
2728,裘,qiú,裘,求,从衣求聲,皮衣也。从衣求聲。一曰象形，與衰同意。凡裘之屬皆从裘。
2729,裨,bì,衣,卑,从衣卑聲,接益也。从衣卑聲。
2730,裼,xī,衣,易,从衣易聲,袒也。从衣易聲。
2731,裾,jū,衣,居,从衣居聲,衣袍也。从衣居聲。讀與居同。
2732,褚,chǔ,衣,者,从衣者聲,卒也。从衣者聲。一曰製衣。
2733,觎,yú,見,俞,从見俞聲,欲也。从見俞聲。
2734,觜,zuǐ,角,此,从角此聲,鴟舊頭上角觜也。一曰觜觿也。从角此聲。
2735,触,chù,角,蜀,从角蜀聲,抵也。从角蜀聲。
2736,訾,zǐ,言,此,从言此聲,不思稱意也。从言此聲。《詩》曰：“翕翕訿訿。”
2737,誉,yù,言,與,从言與聲,（纤）也。从言與聲。
2738,誊,téng,言,朕,从言朕聲,迻書也。从言朕聲。
2739,谨,jǐn,言,堇,从言堇聲,愼也。从言堇聲。
2740,谩,mán,言,曼,从言曼聲,欺也。从言曼聲。
2741,谪,zhé,言,啻,从言啻聲,罰也。从言啻聲。
2742,谬,miù,言,翏,从言翏聲,狂者之妄言也。从言翏聲。
2743,豢,huàn,豕,𢍏,从豕𢍏聲,以穀圈養豕也。从豕𢍏聲。
2744,貉,mò,豸,各,从豸各聲,北方豸穜。从豸各聲。孔子曰：“貉之爲言惡也。”
2745,赖,lài,貝,剌,从貝剌聲,贏也。从貝剌聲。
2746,趑,cī,走,次,从走次聲,趑趄，行不進也。从走次聲。
2747,跟,gēn,足,𥃩,从足𥃩聲,足踵也。从足𥃩聲。
2748,跣,xiǎn,足,先,从足先聲,足親地也。从足先聲。
2749,跨,kuà,足,夸,从足夸聲,渡也。从足夸聲。
2750,跪,guì,足,危,从足危聲,拜也。从足危聲。
2751,跳,tiào,足,兆,从足兆聲,蹶也。从足兆聲。一曰躍也。
2752,跻,jī,足,齊,从足齊聲,登也。从足齊聲。《商書》曰：“予顚躋。”
2753,辐,fú,車,畐,从車畐聲,輪轑也。从車畐聲。
2754,辑,jí,車,咠,从車咠聲,車和輯也。从車咠聲。
2755,输,shū,車,俞,从車俞聲,委輸也。从車俞聲。
2756,遘,gòu,辵,冓,从辵冓聲,遇也。从辵冓聲。
2757,遣,qiǎn,辵,𠳋,从辵𠳋聲,縱也。从辵𠳋聲。
2758,遥,yáo,辵,䍃,从辵䍃聲,逍遥也。又，遠也。从辵䍃聲。
2759,鄙,bǐ,邑,啚,从邑啚聲,五酇爲鄙。从邑啚聲。
2760,鄞,yín,邑,堇,从邑堇聲,會稽縣。从邑堇聲。
2761,鄢,yān,邑,焉,从邑焉聲,南郡縣。孝惠三年改名宜城。从邑焉聲。
2762,鄣,zhāng,邑,章,从邑章聲,紀邑也。从邑章聲。
2763,酩,mǐng,酉,名,从酉名聲,酩酊，醉也。从酉名聲。
2764,酪,lào,酉,各,从酉各聲,乳𤖅也。从酉各聲。
2765,鉴,jiàn,金,監,从金監聲,大盆也。一曰監諸，可以取明水於月。从金監聲。
2766,错,cuò,金,昔,从金昔聲,金涂也。从金昔聲。
2767,锡,xī,金,易,从金易聲,銀鉛之閒也。从金易聲。
2768,锢,gù,金,固,从金固聲,鑄塞也。从金固聲。
2769,锤,chuí,金,垂,从金垂聲,八銖也。从金垂聲。
2770,锥,zhuī,金,隹,从金隹聲,銳也。从金隹聲。
2771,锦,jǐn,帛,金,从帛金聲,襄邑織文。从帛金聲。
2772,锬,tán,金,炎,从金炎聲,長矛也。从金炎聲。讀若老耼。
2773,锭,dìng,金,定,从金定聲,鐙也。从金定聲。
2774,键,jiàn,金,建,从金建聲,鉉也。一曰車轄。从金建聲。
2775,锯,jù,金,居,从金居聲,槍唐也。从金居聲。
2776,锱,zī,金,甾,从金甾聲,六銖也。从金甾聲。
2777,阖,hé,門,盍,从門盍聲,門扇也。一曰閉也。从門盍聲。
2778,阗,tián,門,眞,从門眞聲,盛皃。从門眞聲。
2779,阙,què,門,欮,从門欮聲,門觀也。从門欮聲。
2780,障,zhàng,𨸏,章,从𨸏章聲,隔也。从𨸏章聲。
2781,雉,zhì,隹,矢,从隹矢聲,有十四種：盧諸雉，喬雉，鳪雉，鷩雉，秩秩海雉，翟山雉，翰雉，卓雉，伊洛而南曰翬，江淮而南曰搖，南方曰𢏚，東方曰钕，北方曰稀，西方曰蹲。从隹矢聲。
2782,雏,chú,隹,芻,从隹芻聲,雞子也。从隹芻聲。
2783,零,líng,雨,令,从雨令聲,餘雨也。从雨令聲。
2784,雹,báo,雨,包,从雨包聲,雨冰也。从雨包聲。
2785,靖,jìng,立,青,从立青聲,立竫也。从立青聲。一曰細皃。
2786,靳,jìn,革,斤,从革斤聲,當膺也。从革斤聲。
2787,靶,bà,革,巴,从革巴聲,轡革也。从革巴聲。
2788,韪,wěi,是,韋,从是韋聲,是也。从是韋聲。《春秋傳》曰：“犯五不韙。”
2789,韵,yùn,音,員,从音員聲,和也。从音員聲。裴光遠云：古與均同。未知其審。
2790,颔,hàn,頁,含,从頁含聲,面黃也。从頁含聲。
2791,颖,yǐng,禾,頃,从禾頃聲,禾末也。从禾頃聲。《詩》曰：“禾穎穟穟。”
2792,骜,ào,馬,敖,从馬敖聲,駿馬。以壬申日死，乘馬忌之。从馬敖聲。
2793,骞,qiān,馬,寒,从馬，寒省聲,馬腹縶也。从馬，寒省聲。
2794,髡,kūn,髟,兀,从髟兀聲,𩮜髮也。从髟兀聲。
2795,魁,kuí,斗,鬼,从斗鬼聲,羹斗也。从斗鬼聲。
2796,魂,hún,鬼,云,从鬼云聲,陽气也。从鬼云聲。
2797,鲅,bō,魚,犮,从魚犮聲,鱣鮪鮁鮁。从魚犮聲。
2798,鲇,nián,魚,占,从魚占聲,𩷑也。从魚占聲。
2799,鲋,fù,魚,付,从魚付聲,魚名。从魚付聲。
2800,鲍,bào,魚,包,从魚包聲,饐魚也。从魚包聲。
2801,鲐,tái,魚,台,从魚台聲,海魚名。从魚台聲。
2802,龄,líng,齒,令,从齒令聲,年也。从齒令聲。
2803,僖,xī,人,喜,从人喜聲,樂也。从人喜聲。
2804,僚,liǎo,人,尞,从人尞聲,好皃。从人尞聲。
2805,僦,jiù,人,就,从人、就，就亦聲,賃也。从人、就，就亦聲。
2806,僧,sēng,人,曾,从人曾聲,浮屠道人也。从人曾聲。
2807,僭,jiàn,人,朁,从人朁聲,假也。从人朁聲。
2808,僮,tóng,人,童,从人童聲,未冠也。从人童聲。
2809,儆,jǐng,人,敬,从人敬聲,戒也。从人敬聲。《春秋傳》曰：“儆宮。”
2810,嗾,sǒu,口,族,从口族聲,使犬聲。从口族聲。《春秋傳》曰：“公嗾夫獒。”
2811,嘉,jiā,壴,加,从壴加聲,美也。从壴加聲。
2812,嘌,piāo,口,𤐫,从口𤐫聲,疾也。从口𤐫聲。《詩》曰：“匪車嘌兮。”
2813,嘏,jiǎ,古,叚,从古叚聲,大遠也。从古叚聲。
2814,嘘,xū,口,虛,从口虛聲,吹也。从口虛聲。
2815,嘤,yīng,口,嬰,从口嬰聲,鳥鳴也。从口嬰聲。
2816,塾,shú,土,孰,从土孰聲,門側堂也。从土孰聲。
2817,境,jìng,土,竟,从土竟聲,疆也。从土竟聲。經典通用竟。
2818,墉,yōng,土,庸,从土庸聲,城垣也。从土庸聲。
2819,墙,qiáng,嗇,爿,从嗇爿聲,垣蔽也。从嗇爿聲。
2820,夤,yín,夕,寅,从夕寅聲,敬惕也。从夕寅聲。《易》曰：“夕惕若夤。”
2821,夥,huǒ,多,果,从多果聲,齊謂多爲夥。从多果聲。
2822,嫖,piào,女,𤐫,从女𤐫聲,輕也。从女𤐫聲。
2823,嫠,lí,女,𠩺,从女𠩺聲,無夫也。从女𠩺聲。
2824,嫡,dí,女,啻,从女啻聲,孎也。从女啻聲。
2825,嫣,yān,女,焉,从女焉聲,長皃。从女焉聲。
2826,嫱,qiáng,女,牆,从女，牆省聲,婦官也。从女，牆省聲。
2827,寤,wù,㝱,吾,从㝱省，吾聲,寐覺而有信曰寤。从㝱省，吾聲。一曰晝見而夜㝱也。
2828,幔,màn,巾,曼,从巾曼聲,幕也。从巾曼聲。
2829,廑,jǐn,广,堇,从广堇聲,少劣之居。从广堇聲。
2830,彰,zhāng,彡,章,从彡从章，章亦聲,文彰也。从彡从章，章亦聲。
2831,愿,yuàn,心,原,从心原聲,謹也。从心原聲。
2832,慢,màn,心,曼,从心曼聲,惰也。从心曼聲。一曰慢，不畏也。
2833,慵,yōng,心,庸,从心庸聲,嬾也。从心庸聲。
2834,戬,jiǎn,戈,晉,从戈晉聲,滅也。从戈晉聲。《詩》曰：“實始戩商。”
2835,摘,zhāi,手,啻,从手啻聲,拓果樹實也。从手啻聲。一曰指近之也。
2836,摧,cuī,手,崔,从手崔聲,擠也。从手崔聲。一曰挏也，一曰折也。
2837,摹,mó,手,莫,从手莫聲,規也。从手莫聲。
2838,摺,zhé,手,習,从手習聲,敗也。从手習聲。
2839,敲,qiāo,攴,高,从攴高聲,橫擿也。从攴高聲。
2840,斡,wò,斗,倝,从斗倝聲,蠡柄也。从斗倝聲。楊雄、杜林說：皆以爲軺車輪斡。
2841,旖,yǐ,㫃,奇,从㫃奇聲,旗旖施也。从㫃奇聲。
2842,旗,qí,㫃,其,从㫃其聲,熊旗五游，以象罰星，士卒以爲期。从㫃其聲。《周禮》曰：“率都建旗。”
2843,暨,jì,旦,旣,从旦旣聲,日頗見也。从旦旣聲。
2844,榛,zhēn,木,秦,从木秦聲,木也。从木秦聲。一曰菆也。
2845,榜,bēng,木,㫄,从木㫄聲,所以輔弓弩。从木㫄聲。
2846,榭,xiè,木,䠶,从木䠶聲,臺有屋也。从木䠶聲。
2847,榱,cuī,木,衰,从木衰聲,秦名爲屋椽，周謂之榱，齊魯謂之桷。从木衰聲。
2848,榷,què,木,隺,从木隺聲,水上橫木，所以渡者也。从木隺聲。
2849,榻,tà,木,𦐇,从木𦐇聲,牀也。从木𦐇聲。
2850,槊,shuò,木,朔,从木朔聲,矛也。从木朔聲。
2851,槛,jiàn,木,監,从木監聲,櫳也。从木監聲。一曰圈。
2852,槭,zú,木,戚,从木戚聲,木。可作大車輮。从木戚聲。
2853,模,mú,木,莫,从木莫聲,法也。从木莫聲。讀若嫫母之嫫。
2854,歉,qiàn,欠,兼,从欠兼聲,歉食不滿。从欠兼聲。
2855,殡,bìn,歺,賓,从歺从賓，賓亦聲,死在棺，將遷葬柩，賓遇之。从歺从賓，賓亦聲。夏后殯於阼階，殷人殯於兩楹之閒，周人殯於賓階。
2856,滴,dī,水,啻,从水啻聲,水注也。从水啻聲。
2857,漂,piāo,水,票,从水票聲,浮也。从水票聲。
2858,漆,qī,水,桼,从水桼聲,水。出右扶風杜陵岐山，東入渭。一曰入洛。从水桼聲。
2859,漉,lù,水,鹿,从水鹿聲,浚也。从水鹿聲。
2860,漏,lòu,水,屚,从水屚聲,以銅受水，刻節，晝夜百刻。从水屚聲。
2861,演,yǎn,水,寅,从水寅聲,長流也。一曰水名。从水寅聲。
2862,漕,cáo,水,曹,从水曹聲,水轉轂也。一曰人之所乘及船也。从水曹聲。
2863,漱,shù,水,欶,从水欶聲,盪口也。从水欶聲。
2864,漳,zhāng,水,章,从水章聲,濁漳，出上黨長子鹿谷山，東入清漳。清漳，出沾山大要谷，北入河。南漳，出南郡臨沮。从水章聲。
2865,漾,yàng,水,羕,从水羕聲,水。出隴西相道，東至武都爲漢。从水羕聲。
2866,潇,xiāo,水,蕭,从水蕭聲,水名。从水蕭聲。
2867,潍,wéi,水,維,”从水維聲,水。出琅邪箕屋山，東入海。徐州浸。《夏書》曰：“濰、淄其道。”从水維聲。
2868,潢,huáng,水,黃,从水黃聲,積水池。从水黃聲。
2869,潴,zhū,水,豬,从水豬聲,水所亭也。从水豬聲。
2870,煽,shàn,火,扇,从火扇聲,熾盛也。从火扇聲。
2871,熄,xī,火,息,从火息聲,畜火也。从火息聲。亦曰滅火。
2872,熊,xióng,熊,炎,从能，炎省聲,獸似豕。山居，冬蟄。从能，炎省聲。凡熊之屬皆从熊。
2873,熙,xī,火,巸,从火巸聲,燥也。从火巸聲。
2874,熬,áo,火,敖,从火敖聲,乾煎也。从火敖聲。
2875,瑶,yáo,玉,䍃,从玉䍃聲,玉之美者。从玉䍃聲。《詩》曰：“報之以瓊瑤。”
2876,甍,méng,瓦,夢,从瓦，夢省聲,屋棟也。从瓦，夢省聲。
2877,疑,yí,子,矢,从子、止、匕，矢聲,惑也。从子、止、匕，矢聲。
2878,瘌,là,疒,剌,从疒剌聲,楚人謂藥毒曰痛瘌。从疒剌聲。
2879,瘕,xiá,疒,叚,从疒叚聲,女病也。从疒叚聲。
2880,瘗,yì,土,㾜,从土㾜聲,幽薶也。从土㾜聲。
2881,瘘,lòu,疒,婁,从疒婁聲,頸腫也。从疒婁聲。
2882,瘥,chài,疒,𢀩,从疒𢀩聲,瘉也。从疒𢀩聲。
2883,睽,kuí,目,癸,从目癸聲,目不相聽也。从目癸聲。
2884,瞀,mào,目,敄,从目敄聲,氐目謹視也。从目敄聲。
2885,碣,jié,石,曷,从石曷聲,特立之石。東海有碣石山。从石曷聲。
2886,碧,bì,玉,白,从玉、石，白聲,石之青美者。从玉、石，白聲。
2887,碱,jiǎn,鹽,僉,从鹽省，僉聲,鹵也。从鹽省，僉聲。
2888,窨,yìn,穴,音,从穴音聲,地室。从穴音聲。
2889,窬,yú,穴,俞,从穴俞聲,穿木戶也。从穴俞聲。一曰空中也。
2890,竭,jié,立,曷,从立曷聲,負舉也。从立曷聲。
2891,端,duān,立,耑,从立耑聲,直也。从立耑聲。
2892,箅,bì,竹,𢌿,从竹𢌿聲,蔽也，所以蔽甑底。从竹𢌿聲。
2893,箝,qián,竹,拑,从竹拑聲,籋也。从竹拑聲。
2894,管,guǎn,竹,官,从竹官聲,如篪，六孔。十二月之音。物開地牙，故謂之管。从竹官聲。
2895,箦,zé,竹,責,从竹責聲,牀棧也。从竹責聲。
2896,箪,dān,竹,單,从竹單聲,笥也。从竹單聲。漢津令：簞，小筐也。《傳》曰：“簞食壺漿。”
2897,箫,xiāo,竹,肅,从竹肅聲,參差管樂。象鳳之翼。从竹肅聲。
2898,箬,ruò,竹,若,从竹若聲,楚謂竹皮曰箬。从竹若聲。
2899,箸,zhù,竹,者,从竹者聲,飯攲也。从竹者聲。
2900,粹,cuì,米,卒,从米卒聲,不雜也。从米卒聲。
2901,粼,lín,巜,粦,从巜粦聲,水生厓石閒粼粼也。从巜粦聲。
2902,粽,zòng,米,㚇,从米㚇聲,蘆葉裹米也。从米㚇聲。
2903,精,jīng,米,青,从米青聲,擇也。从米青聲。
2904,綮,qǐ,糸,𢼄,从糸𢼄聲,㨖繒也。一曰幑幟，信也，有齒。从糸𢼄聲。
2905,缥,piǎo,糸,㶾,从糸㶾聲,帛青白色也。从糸㶾聲。
2906,缦,màn,糸,曼,从糸曼聲,繒無文也。从糸曼聲。《漢律》曰：“賜衣者縵表白裏。”
2907,缨,yīng,糸,嬰,从糸嬰聲,冠系也。从糸嬰聲。
2908,缩,suō,糸,宿,从糸宿聲,亂也。从糸宿聲。一曰蹴也。
2909,缪,móu,糸,翏,从糸翏聲,枲之十絜也。一曰綢繆。从糸翏聲。
2910,缫,sāo,糸,巢,从糸巢聲,繹繭爲絲也。从糸巢聲。
2911,罂,yīng,缶,賏,从缶賏聲,缶也。从缶賏聲。
2912,罴,pí,熊,罷,从熊，罷省聲,如熊，黃白文。从熊，罷省聲。
2913,翠,cuì,羽,卒,从羽卒聲,青羽雀也。出鬱林。从羽卒聲。
2914,翡,fěi,羽,非,从羽非聲,赤羽雀也。出鬱林。从羽非聲。
2915,翥,zhù,羽,者,从羽者聲,飛舉也。从羽者聲。
2916,聚,jù,㐺,取,从乑取聲,會也。从乑取聲。邑落云聚。
2917,肇,zhào,攴,肈,从攴，肈省聲,擊也。从攴，肈省聲。
2918,腐,fǔ,肉,府,从肉府聲,爛也。从肉府聲。
2919,膀,páng,肉,㫄,从肉㫄聲,脅也。从肉㫄聲。
2920,膊,pò,肉,尃,从肉尃聲,薄脯，膊之屋上。从肉尃聲。
2921,膏,gāo,肉,高,从肉高聲,𦘺也。从肉高聲。
2922,膜,mó,肉,莫,从肉莫聲,肉閒胲膜也。从肉莫聲。
2923,臧,zāng,臣,戕,从臣戕聲,善也。从臣戕聲。
2924,舆,yú,車,舁,从車舁聲,車輿也。从車舁聲。
2925,蓼,liǎo,艸,翏,从艸翏聲,辛菜，薔虞也。从艸翏聲。
2926,蔓,màn,艸,曼,从艸曼聲,葛屬。从艸曼聲。
2927,蔗,zhè,艸,庶,从艸庶聲,藷蔗也。从艸庶聲。
2928,蔚,wèi,艸,𤈫,从艸𤈫聲,牡蒿也。从艸𤈫聲。
2929,蔟,cù,艸,族,从艸族聲,行蠶蓐。从艸族聲。
2930,蔡,cài,艸,祭,从艸祭聲,艸也。从艸祭聲。
2931,蔫,yān,艸,焉,从艸焉聲,菸也。从艸焉聲。
2932,蔷,sè,艸,嗇,从艸嗇聲,薔虞，蓼。从艸嗇聲。
2933,蔺,lìn,艸,閵,从艸閵聲,莞屬。从艸閵聲。
2934,蔼,ǎi,言,葛,从言葛聲,臣盡力之美。从言葛聲。《詩》曰：“譪譪王多吉士。”
2935,蔽,bì,艸,敝,从艸敝聲,蔽蔽，小艸也。从艸敝聲。
2936,蜡,qù,虫,昔,”从虫昔聲,蠅䏣也。《周禮》：“蜡氏掌除骴。”从虫昔聲。
2937,蜢,měng,虫,孟,从虫孟聲,虴蜢也。从虫孟聲。
2938,蜥,xī,虫,析,从虫析聲,蜥易也。从虫析聲。
2939,蜩,tiáo,虫,周,从虫周聲,蟬也。从虫周聲。《詩》曰：“五月鳴蜩。”
2940,蜮,yù,虫,或,从虫或聲,短狐也。似鼈，三足，以气䠶害人。从虫或聲。
2941,蜻,jīng,虫,青,从虫青聲,蜻蛚也。从虫青聲。
2942,蝉,chán,虫,單,从虫單聲,以㫄鳴者。从虫單聲。
2943,裹,guǒ,衣,果,从衣果聲,纏也。从衣果聲。
2944,褊,biǎn,衣,扁,从衣扁聲,衣小也。从衣扁聲。
2945,褐,hè,衣,曷,从衣曷聲,編枲韤。一曰粗衣。从衣曷聲。
2946,褛,lǚ,衣,婁,从衣婁聲,衽也。从衣婁聲。
2947,觏,gòu,見,冓,从見冓聲,遇見也。从見冓聲。
2948,誓,shì,言,折,从言折聲,約束也。从言折聲。
2949,谮,zèn,言,朁,从言朁聲,愬也。从言朁聲。
2950,谯,qiào,言,焦,从言焦聲,嬈譊也。从言焦聲。讀若嚼。
2951,谰,lán,言,闌,从言闌聲,怟讕也。从言闌聲。
2952,谱,pǔ,言,普,从言普聲,籍録也。从言普聲。《史記》从並。
2953,谲,jué,言,矞,从言矞聲,權詐也。益、梁曰謬欺，天下曰譎。从言矞聲。
2954,赙,fù,貝,尃,从貝尃聲,助也。从貝尃聲。
2955,赛,sài,貝,塞,从貝，塞省聲,報也。从貝，塞省聲。
2956,跽,jì,足,忌,从足忌聲,長跪也。从足忌聲。
2957,踊,yǒng,足,甬,从足甬聲,跳也。从足甬聲。
2958,辕,yuán,車,袁,从車袁聲,輈也。从車袁聲。
2959,辖,xiá,車,害,从車害聲,車聲也。从車害聲。一曰轄，鍵也。
2960,遭,zāo,辵,曹,从辵曹聲,遇也。从辵曹聲。一曰邐行。
2961,遮,zhē,辵,庶,从辵庶聲,遏也。从辵庶聲。
2962,鄯,shàn,邑,善,从邑从善，善亦聲,鄯善，西胡國也。从邑从善，善亦聲。
2963,鄱,pó,邑,番,从邑番聲,鄱陽，豫章縣。从邑番聲。
2964,酲,chéng,酉,呈,从酉呈聲,病酒也。一曰醉而覺也。从酉呈聲。
2965,酴,tú,酉,余,从酉余聲,酒母也。从酉余聲。讀若廬。
2966,酷,kù,酉,告,从酉告聲,酒厚味也。从酉告聲。
2967,酸,suān,酉,夋,从酉夋聲,酢也。从酉夋聲。關東謂酢曰酸。
2968,酹,lèi,酉,寽,从酉寽聲,餟祭也。从酉寽聲。
2969,酾,shī,酉,麗,从酉麗聲,下酒也。一曰醇也。从酉麗聲。
2970,酿,niàng,酉,襄,从酉襄聲,醞也。作酒曰釀。从酉襄聲。
2971,銎,qiōng,金,𢀜,从金𢀜聲,斤釜穿也。从金𢀜聲。
2972,锲,qiè,金,契,从金契聲,鎌也。从金契聲。
2973,锴,kǎi,金,皆,从金皆聲,九江謂鐵曰鍇。从金皆聲。
2974,锸,chā,金,臿,从金臿聲,郭衣鍼也。从金臿聲。
2975,锻,duàn,金,段,从金段聲,小冶也。从金段聲。
2976,锾,huán,金,爰,从金爰聲,鋝也。从金爰聲。《罰書》曰：“列百鍰。”
2977,镂,lòu,金,婁,从金婁聲,剛鐵，可以刻鏤。从金婁聲。《夏書》曰：“梁州貢鏤。”一曰鏤，釜也。
2978,阚,kàn,門,敢,从門敢聲,望也。从門敢聲。
2979,雌,cī,隹,此,从隹此聲,鳥母也。从隹此聲。
2980,雒,luò,隹,各,从隹各聲,鵋䳢也。从隹各聲。
2981,需,xū,雨,而,从雨而聲,𩓣也。遇雨不進，止𩓣也。从雨而聲。《易》曰：“雲上於天，需。”
2982,霁,jì,雨,齊,从雨齊聲,雨止也。从雨齊聲。
2983,霆,tíng,雨,廷,从雨廷聲,雷餘聲也鈴鈴。所以挺出萬物。从雨廷聲。
2984,静,jìng,青,爭,从青爭聲,審也。从青爭聲。
2985,靼,dá,革,旦,从革，从旦聲,柔革也。从革，从旦聲。
2986,鞅,yǎng,革,央,从革央聲,頸靼也。从革央聲。
2987,韬,tāo,韋,舀,从韋舀聲,劒衣也。从韋舀聲。
2988,韶,sháo,音,召,”从音召聲,虞舜樂也。《書》曰：“《簫韶》九成，鳳皇來儀。”从音召聲。
2989,颗,kě,頁,果,从頁果聲,小頭也。从頁果聲。
2990,馑,jǐn,食,堇,从食堇聲,蔬不孰爲饉。从食堇聲。
2991,骠,piào,馬,𤐫,从馬𤐫聲,黃馬發白色。一曰白髦尾也。从馬𤐫聲。
2992,骢,cōng,馬,悤,从馬悤聲,馬青白雜毛也。从馬悤聲。
2993,魃,bá,鬼,犮,从鬼犮聲,旱鬼也。从鬼犮聲。《周禮》有赤魃氏，除牆屋之物也。《詩》曰：“旱魃爲虐。”
2994,魄,pò,鬼,白,从鬼白聲,陰神也。从鬼白聲。
2995,鲒,jí,魚,吉,从魚吉聲,蚌也。从魚吉聲。漢律：會稽郡獻鮚𤖕。
2996,鲔,wěi,魚,有,”从魚有聲,鮥也。《周禮》：“春獻王鮪。”从魚有聲。
2997,鲕,ér,魚,而,从魚而聲,魚子也。一曰魚之美者，東海之鮞。从魚而聲。讀若而。
2998,鲛,jiāo,魚,交,从魚交聲,海魚，皮可飾刀。从魚交聲。
2999,鲜,xiān,魚,羴,从魚，羴省聲,魚名。出貉國。从魚，羴省聲。
3000,鹘,gǔ,鳥,骨,从鳥骨聲,鶻鵃也。从鳥骨聲。
